name,address,city,state,zip_code,phone,website,email,rating,review_count,categories,description,source,source_url
AAA Insurance Agent: Francisco Verdin,"
2300 16th St Ste 280, San Francisco, CA 94103, United States",SF Mission,CA,,415-553-7218,,,,,Directions,,Google Maps,"https://www.google.com/maps/search/business+insurance+broker+near+SF+Mission%2FCastro%2C+CA/@37.76,-122.42,14z"
AAA Insurance Agent: Francisco Verdin,"
2300 16th St Ste 280, San Francisco, CA 94103, United States",SF SOMA,CA,,415-553-7218,,,,,Directions,,Google Maps,"https://www.google.com/maps/search/commercial+property+insurance+near+SF+SOMA%2FFiDi%2C+CA/@37.785,-122.395,14z"
AAA San Francisco Potrero Center Branch,"
2300 16th St #280, San Francisco, CA 94103, United States",SF Mission,CA,,415-553-7200,https://mwg.aaa.com/agent-office-locations/ca/san-francisco/aaa-san-francisco-potrero-center-branch,,,,Website,,Google Maps,"https://www.google.com/maps/search/commercial+insurance+near+SF+Mission%2FCastro%2C+CA/@37.76,-122.42,14z"
AAA San Francisco Richmond District Branch,"
599 Clement St, San Francisco, CA 94118, United States",SF Sunset,CA,,415-750-7800,https://mwg.aaa.com/agent-office-locations/ca/san-francisco/aaa-san-francisco-richmond-district-branch,,,,Website,,Google Maps,"https://www.google.com/maps/search/commercial+insurance+near+SF+Sunset%2FRichmond%2C+CA/@37.765,-122.48,14z"
Active Care Physical Therapy,"
3019 Geary Boulevard #941ll, 3019 Geary Blvd #941ll, San Francisco, CA 94118, United States",SF Sunset,CA,,415-387-6564,http://activecare.net/meet-the-team/founder/,info@activecare.net,,,Website,,Google Maps,"https://www.google.com/maps/search/workers+compensation+insurance+near+SF+Sunset%2FRichmond%2C+CA/@37.765,-122.48,14z"
Advanced Wellness,"
523 Clement St, San Francisco, CA 94118, United States",SF Sunset,CA,,415-928-9355,https://www.advancedwellness.com/,,,,Gym with private & group fitness classes,,Google Maps,"https://www.google.com/maps/search/workers+compensation+insurance+near+SF+Sunset%2FRichmond%2C+CA/@37.765,-122.48,14z"
Alan Chan - State Farm Insurance Agent,"
1820 Van Ness Ave, San Francisco, CA 94109, United States",SF Downtown,CA,,415-776-2190,https://www.alanchansf.com/?cmpid=JTMH_blm_0001,team@keen.io,,,Website,,Google Maps,"https://www.google.com/maps/search/business+insurance+broker+near+SF+Downtown%2C+CA/@37.788,-122.4075,14z"
Alan Chan - State Farm Insurance Agent,"
1820 Van Ness Ave, San Francisco, CA 94109, United States",SF SOMA,CA,,415-776-2190,https://www.alanchansf.com/?cmpid=JTMH_blm_0001,team@keen.io,,,Website,,Google Maps,"https://www.google.com/maps/search/commercial+property+insurance+near+SF+SOMA%2FFiDi%2C+CA/@37.785,-122.395,14z"
"Alliant Insurance Services, Inc.","
560 Mission St 6th Floor, San Francisco, CA 94105, United States",SF Downtown,CA,,415-403-1400,https://alliant.com/,,,,Website,,Google Maps,"https://www.google.com/maps/search/commercial+insurance+near+SF+Downtown%2C+CA/@37.788,-122.4075,14z"
"Alliant Insurance Services, Inc.","
560 Mission St 6th Floor, San Francisco, CA 94105, United States",SF Mission,CA,,415-403-1400,https://alliant.com/,,,,Website,,Google Maps,"https://www.google.com/maps/search/commercial+insurance+near+SF+Mission%2FCastro%2C+CA/@37.76,-122.42,14z"
"Alliant Insurance Services, Inc.","
560 Mission St 6th Floor, San Francisco, CA 94105, United States",SF SOMA,CA,,415-403-1400,https://alliant.com/,,,,Website,,Google Maps,"https://www.google.com/maps/search/commercial+insurance+near+SF+SOMA%2FFiDi%2C+CA/@37.785,-122.395,14z"
Allpointe Insurance Services,"
1459 18th St Suite 171, San Francisco, CA 94107, United States",SF Downtown,CA,,415-799-8687,https://www.allpointe.com/,,,,Website,,Google Maps,"https://www.google.com/maps/search/business+insurance+broker+near+SF+Downtown%2C+CA/@37.788,-122.4075,14z"
Allpointe Insurance Services,"
1459 18th St Suite 171, San Francisco, CA 94107, United States",SF Mission,CA,,415-799-8687,https://www.allpointe.com/,,,,Website,,Google Maps,"https://www.google.com/maps/search/business+insurance+broker+near+SF+Mission%2FCastro%2C+CA/@37.76,-122.42,14z"
Allpointe Insurance Services,"
1459 18th St Suite 171, San Francisco, CA 94107, United States",SF SOMA,CA,,415-799-8687,https://www.allpointe.com/,,,,Website,,Google Maps,"https://www.google.com/maps/search/commercial+insurance+near+SF+SOMA%2FFiDi%2C+CA/@37.785,-122.395,14z"
AllWealthCare Insurance & Financial Services,"
201 Spear St # 1100, San Francisco, CA 94105, United States",SF SOMA,CA,,415-994-4121,,,,,No reviews,,Google Maps,"https://www.google.com/maps/search/workers+compensation+insurance+near+SF+SOMA%2FFiDi%2C+CA/@37.785,-122.395,14z"
"Amazing Insurance Services, LLC","
245A Clement St room 5, San Francisco, CA 94118, United States",SF Sunset,CA,,415-702-6626,,,,,No reviews,,Google Maps,"https://www.google.com/maps/search/commercial+insurance+near+SF+Sunset%2FRichmond%2C+CA/@37.765,-122.48,14z"
"Anderson Franco, Esq.","
One Embarcadero Ctr #2860, San Francisco, CA 94111, United States",SF Downtown,CA,,415-727-1832,http://www.andersonfranco.com/,contact@andersonfranco.com,5.0,96,5.0(96),,Google Maps,"https://www.google.com/maps/search/workers+compensation+insurance+near+SF+Downtown%2C+CA/@37.788,-122.4075,14z"
April Insurance Agency,"
204 Valencia St Unit 6, San Francisco, CA 94103, United States",SF Downtown,CA,,415-242-8100,http://aprilinsurance.com/,support@aprilinsurance.com,,,Website,,Google Maps,"https://www.google.com/maps/search/commercial+insurance+near+SF+Downtown%2C+CA/@37.788,-122.4075,14z"
April Insurance Agency,"
204 Valencia St Unit 6, San Francisco, CA 94103, United States",SF Mission,CA,,415-242-8100,http://aprilinsurance.com/,support@aprilinsurance.com,,,Website,,Google Maps,"https://www.google.com/maps/search/commercial+insurance+near+SF+Mission%2FCastro%2C+CA/@37.76,-122.42,14z"
April Insurance Agency,"
204 Valencia St Unit 6, San Francisco, CA 94103, United States",SF SOMA,CA,,415-242-8100,http://aprilinsurance.com/,support@aprilinsurance.com,,,Website,,Google Maps,"https://www.google.com/maps/search/commercial+insurance+near+SF+SOMA%2FFiDi%2C+CA/@37.785,-122.395,14z"
April Insurance Agency,"
204 Valencia St Unit 6, San Francisco, CA 94103, United States",SF Sunset,CA,,415-242-8100,http://aprilinsurance.com/,support@aprilinsurance.com,,,Website,,Google Maps,"https://www.google.com/maps/search/commercial+insurance+near+SF+Sunset%2FRichmond%2C+CA/@37.765,-122.48,14z"
Auto Quality Insurance Services,"
425 California St #400, San Francisco, CA 94104, United States",SF Sunset,CA,,510-620-9641,http://www.qualityquotesolutions.com/,,,,Directions,,Google Maps,"https://www.google.com/maps/search/general+liability+insurance+near+SF+Sunset%2FRichmond%2C+CA/@37.765,-122.48,14z"
Aventine Insurance Agency,"
101 California St Suite 2710, San Francisco, CA 94111, United States",SF Downtown,CA,,415-938-4298,,,,,Directions,,Google Maps,"https://www.google.com/maps/search/commercial+property+insurance+near+SF+Downtown%2C+CA/@37.788,-122.4075,14z"
Aventine Insurance Agency,"
101 California St Suite 2710, San Francisco, CA 94111, United States",SF Mission,CA,,415-938-4298,,,,,Directions,,Google Maps,"https://www.google.com/maps/search/commercial+property+insurance+near+SF+Mission%2FCastro%2C+CA/@37.76,-122.42,14z"
Aventine Insurance Agency,"
101 California St Suite 2710, San Francisco, CA 94111, United States",SF SOMA,CA,,415-938-4298,,,,,Directions,,Google Maps,"https://www.google.com/maps/search/commercial+insurance+near+SF+SOMA%2FFiDi%2C+CA/@37.785,-122.395,14z"
Basic West Insurance,"
1641 Taraval St, San Francisco, CA 94116, United States",SF Sunset,CA,,415-665-7400,https://basicwest.com/,info@basicwest.com,,,Website,,Google Maps,"https://www.google.com/maps/search/business+insurance+broker+near+SF+Sunset%2FRichmond%2C+CA/@37.765,-122.48,14z"
Ben Lau Insurance,"
2308 Clement St, San Francisco, CA 94121, United States",SF Sunset,CA,,415-876-5203,,,,,No reviews,,Google Maps,"https://www.google.com/maps/search/general+liability+insurance+near+SF+Sunset%2FRichmond%2C+CA/@37.765,-122.48,14z"
Biddle-Shaw Insurance Services,"
301 Junipero Serra Blvd #204, San Francisco, CA 94127, United States",SF Mission,CA,,415-586-7200,http://www.biddleshaw.com/,info@biddleshaw.com,,,Website,,Google Maps,"https://www.google.com/maps/search/commercial+insurance+near+SF+Mission%2FCastro%2C+CA/@37.76,-122.42,14z"
Biddle-Shaw Insurance Services,"
301 Junipero Serra Blvd #204, San Francisco, CA 94127, United States",SF SOMA,CA,,415-586-7200,http://www.biddleshaw.com/,info@biddleshaw.com,,,Website,,Google Maps,"https://www.google.com/maps/search/workers+compensation+insurance+near+SF+SOMA%2FFiDi%2C+CA/@37.785,-122.395,14z"
Biddle-Shaw Insurance Services,"
301 Junipero Serra Blvd #204, San Francisco, CA 94127, United States",SF Sunset,CA,,415-586-7200,http://www.biddleshaw.com/,info@biddleshaw.com,,,Website,,Google Maps,"https://www.google.com/maps/search/commercial+insurance+agent+near+SF+Sunset%2FRichmond%2C+CA/@37.765,-122.48,14z"
Blum-Blackfield Insurance Agency,,SF Mission,CA,,415-665-1440,,,,,Website,,Google Maps,"https://www.google.com/maps/search/commercial+insurance+near+SF+Mission%2FCastro%2C+CA/@37.76,-122.42,14z"
Blum-Blackfield Insurance Agency,"
2 Twin Peaks Blvd, San Francisco, CA 94114, United States",SF Sunset,CA,,415-665-1440,http://www.blum-blackfield.com/,contact@sansoxygen.com,,,Website,,Google Maps,"https://www.google.com/maps/search/business+insurance+broker+near+SF+Sunset%2FRichmond%2C+CA/@37.765,-122.48,14z"
Broad Spectrum Insurance Services,"
1000 Brannan St #205, San Francisco, CA 94103, United States",SF Downtown,CA,,888-898-6999,https://www.broadspectruminsurance.com/,info@calinsurancepro.com,,,Website,,Google Maps,"https://www.google.com/maps/search/commercial+insurance+near+SF+Downtown%2C+CA/@37.788,-122.4075,14z"
Broad Spectrum Insurance Services,"
1000 Brannan St #205, San Francisco, CA 94103, United States",SF Mission,CA,,888-898-6999,https://www.broadspectruminsurance.com/,info@calinsurancepro.com,,,Website,,Google Maps,"https://www.google.com/maps/search/commercial+insurance+near+SF+Mission%2FCastro%2C+CA/@37.76,-122.42,14z"
Broad Spectrum Insurance Services,"
1000 Brannan St #205, San Francisco, CA 94103, United States",SF SOMA,CA,,888-898-6999,https://www.broadspectruminsurance.com/,info@calinsurancepro.com,,,Website,,Google Maps,"https://www.google.com/maps/search/commercial+insurance+near+SF+SOMA%2FFiDi%2C+CA/@37.785,-122.395,14z"
Broad Spectrum Insurance Services,"
1000 Brannan St #205, San Francisco, CA 94103, United States",SF Sunset,CA,,888-898-6999,https://www.broadspectruminsurance.com/,info@calinsurancepro.com,,,Website,,Google Maps,"https://www.google.com/maps/search/commercial+insurance+near+SF+Sunset%2FRichmond%2C+CA/@37.765,-122.48,14z"
Budovsky's Insurance Services,"
6254 Geary Blvd, San Francisco, CA 94121, United States",SF Sunset,CA,,415-668-1121,,,,,Directions,,Google Maps,"https://www.google.com/maps/search/business+insurance+broker+near+SF+Sunset%2FRichmond%2C+CA/@37.765,-122.48,14z"
Burns & Wilcox,"
1 California St, San Francisco, CA 94111, United States",SF Mission,CA,,415-421-4244,http://www.burnsandwilcox.com/,,,,Website,,Google Maps,"https://www.google.com/maps/search/workers+compensation+insurance+near+SF+Mission%2FCastro%2C+CA/@37.76,-122.42,14z"
CA State Division of Workers' Compensation,"
455 Golden Gate Ave 2nd floor, San Francisco, CA 94102, United States",SF Downtown,CA,,415-703-5020,http://www.dir.ca.gov/dwc,,,,Website,,Google Maps,"https://www.google.com/maps/search/workers+compensation+insurance+near+SF+Downtown%2C+CA/@37.788,-122.4075,14z"
CA State Division of Workers' Compensation,"
455 Golden Gate Ave 2nd floor, San Francisco, CA 94102, United States",SF Mission,CA,,415-703-5020,http://www.dir.ca.gov/dwc,,,,Website,,Google Maps,"https://www.google.com/maps/search/workers+compensation+insurance+near+SF+Mission%2FCastro%2C+CA/@37.76,-122.42,14z"
CA State Division of Workers' Compensation,"
455 Golden Gate Ave 2nd floor, San Francisco, CA 94102, United States",SF SOMA,CA,,415-703-5020,http://www.dir.ca.gov/dwc,,,,Website,,Google Maps,"https://www.google.com/maps/search/workers+compensation+insurance+near+SF+SOMA%2FFiDi%2C+CA/@37.785,-122.395,14z"
CAL Insurance & Associates,"
314 W Portal Ave, San Francisco, CA 94127, United States",SF Downtown,CA,,415-661-6500,https://mycalteam.com/,INFO@CAL-INSURE.COM,,,Website,,Google Maps,"https://www.google.com/maps/search/workers+compensation+insurance+near+SF+Downtown%2C+CA/@37.788,-122.4075,14z"
CAL Insurance & Associates,"
314 W Portal Ave, San Francisco, CA 94127, United States",SF Mission,CA,,415-661-6500,https://mycalteam.com/,INFO@CAL-INSURE.COM,,,Website,,Google Maps,"https://www.google.com/maps/search/commercial+insurance+near+SF+Mission%2FCastro%2C+CA/@37.76,-122.42,14z"
CAL Insurance & Associates,"
314 W Portal Ave, San Francisco, CA 94127, United States",SF Sunset,CA,,415-661-6500,https://mycalteam.com/,INFO@CAL-INSURE.COM,,,Website,,Google Maps,"https://www.google.com/maps/search/commercial+insurance+near+SF+Sunset%2FRichmond%2C+CA/@37.765,-122.48,14z"
"Calco Commercial, Inc.","
425 2nd St Suite 450, San Francisco, CA 94107, United States",SF SOMA,CA,,415-970-0000,https://calcosf.com/,info@calcosf.com,,,Website,,Google Maps,"https://www.google.com/maps/search/commercial+property+insurance+near+SF+SOMA%2FFiDi%2C+CA/@37.785,-122.395,14z"
Calender-Robinson Insurance,"
233 Sansome St Suite 508, San Francisco, CA 94104, United States",SF Downtown,CA,,415-978-3800,https://calrob.com/,info@calrob.com,,,Website,,Google Maps,"https://www.google.com/maps/search/commercial+insurance+near+SF+Downtown%2C+CA/@37.788,-122.4075,14z"
Calender-Robinson Insurance,"
233 Sansome St Suite 508, San Francisco, CA 94104, United States",SF SOMA,CA,,415-978-3800,https://calrob.com/,info@calrob.com,,,Website,,Google Maps,"https://www.google.com/maps/search/business+insurance+broker+near+SF+SOMA%2FFiDi%2C+CA/@37.785,-122.395,14z"
California Affordable Health Insurance,"
220 Montgomery St #306, San Francisco, CA 94104, United States",SF SOMA,CA,,415-619-5130,,,,,No reviews,,Google Maps,"https://www.google.com/maps/search/workers+compensation+insurance+near+SF+SOMA%2FFiDi%2C+CA/@37.785,-122.395,14z"
Castro-Mission Health Center,"
3850 17th St, San Francisco, CA 94114, United States",SF Mission,CA,,415-934-7700,https://www.sf.gov/location--castro-mission-health-center,,,,Website,,Google Maps,"https://www.google.com/maps/search/workers+compensation+insurance+near+SF+Mission%2FCastro%2C+CA/@37.76,-122.42,14z"
Charter Risk Management,"
2310 Clement St, San Francisco, CA 94121, United States",SF Sunset,CA,,415-876-5440,https://www.crminsure.com/,staff.crminsure@gmail.com,,,Website,,Google Maps,"https://www.google.com/maps/search/business+insurance+broker+near+SF+Sunset%2FRichmond%2C+CA/@37.765,-122.48,14z"
Christie Kennett - State Farm Insurance Agent,"
1215 9th Ave ste b, San Francisco, CA 94122, United States",SF Sunset,CA,,415-661-3651,https://www.christiekennett.com/?cmpid=MDHR_blm_0001,team@keen.io,,,Website,,Google Maps,"https://www.google.com/maps/search/commercial+insurance+near+SF+Sunset%2FRichmond%2C+CA/@37.765,-122.48,14z"
City Spine Center,"
5822 Geary Blvd, San Francisco, CA 94121, United States",SF Sunset,CA,,415-680-9247,https://www.cityspinecenter.net/,cityspinecenter@gmail.com,,,Website,,Google Maps,"https://www.google.com/maps/search/workers+compensation+insurance+near+SF+Sunset%2FRichmond%2C+CA/@37.765,-122.48,14z"
Covered California Certified Agent,"
288 7th St, San Francisco, CA 94103, United States",SF Downtown,CA,,800-771-7653,https://coveredcaliforniacertifiedagent.com/,,,,Website,,Google Maps,"https://www.google.com/maps/search/commercial+insurance+agent+near+SF+Downtown%2C+CA/@37.788,-122.4075,14z"
Covered California Certified Agent,"
288 7th St, San Francisco, CA 94103, United States",SF Mission,CA,,800-771-7653,https://coveredcaliforniacertifiedagent.com/,,,,Website,,Google Maps,"https://www.google.com/maps/search/business+insurance+broker+near+SF+Mission%2FCastro%2C+CA/@37.76,-122.42,14z"
Covered California Certified Agent,"
288 7th St, San Francisco, CA 94103, United States",SF SOMA,CA,,800-771-7653,https://coveredcaliforniacertifiedagent.com/,,,,Website,,Google Maps,"https://www.google.com/maps/search/commercial+insurance+near+SF+SOMA%2FFiDi%2C+CA/@37.785,-122.395,14z"
CRC,"
50 California St, San Francisco, CA 94111, United States",SF SOMA,CA,,415-675-2200,https://www.crcgroup.com/,,,,No reviews,,Google Maps,"https://www.google.com/maps/search/workers+compensation+insurance+near+SF+SOMA%2FFiDi%2C+CA/@37.785,-122.395,14z"
Crouse and Associates Insurance,"
2900, 650 California St, San Francisco, CA 94108, United States",SF Downtown,CA,,415-982-3870,https://crouseandassociates.com/,info@rtspecialty.com,,,Website,,Google Maps,"https://www.google.com/maps/search/commercial+property+insurance+near+SF+Downtown%2C+CA/@37.788,-122.4075,14z"
Crum Insurance Agency,"
388 Market St #1300, San Francisco, CA 94111, United States",SF Mission,CA,,209-400-1710,http://cruminsuranceagency.com/workers-compensation/,,,,No reviews,,Google Maps,"https://www.google.com/maps/search/workers+compensation+insurance+near+SF+Mission%2FCastro%2C+CA/@37.76,-122.42,14z"
Crum Insurance Agency,"
388 Market St #1300, San Francisco, CA 94111, United States",SF SOMA,CA,,209-400-1710,http://cruminsuranceagency.com/workers-compensation/,,,,No reviews,,Google Maps,"https://www.google.com/maps/search/commercial+insurance+near+SF+SOMA%2FFiDi%2C+CA/@37.785,-122.395,14z"
Curtis Lee - State Farm Insurance Agent,"
648 Stanyan St, San Francisco, CA 94117, United States",SF Sunset,CA,,415-750-8088,https://www.curtislee.net/?cmpid=JKH6_blm_0001,team@keen.io,,,Website,,Google Maps,"https://www.google.com/maps/search/business+insurance+broker+near+SF+Sunset%2FRichmond%2C+CA/@37.765,-122.48,14z"
David Chacon - State Farm Insurance Agent,"
3425 25th St, San Francisco, CA 94110, United States",SF Mission,CA,,415-647-9900,https://www.davidchacon.com/?cmpid=M2LO_blm_0001,team@keen.io,,,Website,,Google Maps,"https://www.google.com/maps/search/commercial+insurance+near+SF+Mission%2FCastro%2C+CA/@37.76,-122.42,14z"
David Chacon - State Farm Insurance Agent,"
3425 25th St, San Francisco, CA 94110, United States",SF SOMA,CA,,650-991-2200,https://www.davidchacon.com/?cmpid=M2LO_blm_0001,team@keen.io,,,Website,,Google Maps,"https://www.google.com/maps/search/commercial+property+insurance+near+SF+SOMA%2FFiDi%2C+CA/@37.785,-122.395,14z"
Debra O'Farrell - State Farm Insurance Agent,"
870 Market St Ste 865, San Francisco, CA 94102, United States",SF Downtown,CA,,415-982-9900,https://www.sfofarrell.com/?cmpid=TB4S_blm_0001,team@keen.io,,,Website,,Google Maps,"https://www.google.com/maps/search/commercial+insurance+near+SF+Downtown%2C+CA/@37.788,-122.4075,14z"
Debra O'Farrell - State Farm Insurance Agent,"
870 Market St Ste 865, San Francisco, CA 94102, United States",SF Mission,CA,,415-982-9900,https://www.sfofarrell.com/?cmpid=TB4S_blm_0001,team@keen.io,,,Website,,Google Maps,"https://www.google.com/maps/search/business+insurance+broker+near+SF+Mission%2FCastro%2C+CA/@37.76,-122.42,14z"
Debra O'Farrell - State Farm Insurance Agent,"
870 Market St Ste 865, San Francisco, CA 94102, United States",SF SOMA,CA,,415-982-9900,https://www.sfofarrell.com/?cmpid=TB4S_blm_0001,team@keen.io,,,Website,,Google Maps,"https://www.google.com/maps/search/commercial+insurance+near+SF+SOMA%2FFiDi%2C+CA/@37.785,-122.395,14z"
Delfino Green & Green,"
711 Van Ness Ave #500, San Francisco, CA 94102, United States",SF Downtown,CA,,415-442-4646,https://www.dgglaw.com/san-francisco-personal-injury-attorneys/?utm_source=google&utm_medium=organic&utm_campaign=gbpsf,,5.0,27,5.0(27),,Google Maps,"https://www.google.com/maps/search/workers+compensation+insurance+near+SF+Downtown%2C+CA/@37.788,-122.4075,14z"
DiNicola Insurance Services,"
919 Irving St Suite 103, San Francisco, CA 94122, United States",SF Downtown,CA,,415-564-4400,https://www.dinicolains.com/,,,,Website,,Google Maps,"https://www.google.com/maps/search/commercial+insurance+near+SF+Downtown%2C+CA/@37.788,-122.4075,14z"
DiNicola Insurance Services,"
919 Irving St Suite 103, San Francisco, CA 94122, United States",SF Mission,CA,,415-564-4400,https://www.dinicolains.com/,,,,Website,,Google Maps,"https://www.google.com/maps/search/commercial+insurance+near+SF+Mission%2FCastro%2C+CA/@37.76,-122.42,14z"
DiNicola Insurance Services,"
919 Irving St Suite 103, San Francisco, CA 94122, United States",SF SOMA,CA,,415-564-4400,https://www.dinicolains.com/,,,,Website,,Google Maps,"https://www.google.com/maps/search/commercial+property+insurance+near+SF+SOMA%2FFiDi%2C+CA/@37.785,-122.395,14z"
DiNicola Insurance Services,"
919 Irving St Suite 103, San Francisco, CA 94122, United States",SF Sunset,CA,,415-564-4400,https://www.dinicolains.com/,,,,Website,,Google Maps,"https://www.google.com/maps/search/commercial+insurance+near+SF+Sunset%2FRichmond%2C+CA/@37.765,-122.48,14z"
"Donald Browne Insurance Services, formerly, John A Morton Insurance Agency","
3366 22nd St, San Francisco, CA 94110, United States",SF Downtown,CA,,408-292-4329,https://www.browneinsurance.com/,,,,Website,,Google Maps,"https://www.google.com/maps/search/commercial+insurance+near+SF+Downtown%2C+CA/@37.788,-122.4075,14z"
"Donald Browne Insurance Services, formerly, John A Morton Insurance Agency","
3366 22nd St, San Francisco, CA 94110, United States",SF Mission,CA,,408-292-4329,https://www.browneinsurance.com/,,,,Website,,Google Maps,"https://www.google.com/maps/search/commercial+insurance+near+SF+Mission%2FCastro%2C+CA/@37.76,-122.42,14z"
"Donald Browne Insurance Services, formerly, John A Morton Insurance Agency","
3366 22nd St, San Francisco, CA 94110, United States",SF SOMA,CA,,408-292-4329,https://www.browneinsurance.com/,,,,Website,,Google Maps,"https://www.google.com/maps/search/commercial+insurance+near+SF+SOMA%2FFiDi%2C+CA/@37.785,-122.395,14z"
"Donald Browne Insurance Services, formerly, John A Morton Insurance Agency","
3366 22nd St, San Francisco, CA 94110, United States",SF Sunset,CA,,408-292-4329,https://www.browneinsurance.com/,,,,Website,,Google Maps,"https://www.google.com/maps/search/general+liability+insurance+near+SF+Sunset%2FRichmond%2C+CA/@37.765,-122.48,14z"
EK Insurance,"
237 Kearny St #9999, San Francisco, CA 94108, United States",SF Downtown,CA,,415-915-0006,https://ekinsurance.com/san-francisco-commercial-insurance.html,Info@ekinsurance.com,,,Website,,Google Maps,"https://www.google.com/maps/search/commercial+insurance+near+SF+Downtown%2C+CA/@37.788,-122.4075,14z"
EK Insurance,"
237 Kearny St #9999, San Francisco, CA 94108, United States",SF Mission,CA,,415-915-0006,https://ekinsurance.com/san-francisco-commercial-insurance.html,Info@ekinsurance.com,,,Website,,Google Maps,"https://www.google.com/maps/search/commercial+insurance+near+SF+Mission%2FCastro%2C+CA/@37.76,-122.42,14z"
EK Insurance,"
237 Kearny St #9999, San Francisco, CA 94108, United States",SF SOMA,CA,,415-915-0006,https://ekinsurance.com/san-francisco-commercial-insurance.html,,,,Website,,Google Maps,"https://www.google.com/maps/search/commercial+insurance+near+SF+SOMA%2FFiDi%2C+CA/@37.785,-122.395,14z"
Embroker,"
24 Shotwell St, San Francisco, CA 94103, United States",SF Downtown,CA,,844-436-2765,http://embroker.com/,embrokeraccess@embroker.com,,,Website,,Google Maps,"https://www.google.com/maps/search/business+insurance+broker+near+SF+Downtown%2C+CA/@37.788,-122.4075,14z"
Embroker,"
24 Shotwell St, San Francisco, CA 94103, United States",SF Mission,CA,,844-436-2765,http://embroker.com/,embrokeraccess@embroker.com,,,Website,,Google Maps,"https://www.google.com/maps/search/business+insurance+broker+near+SF+Mission%2FCastro%2C+CA/@37.76,-122.42,14z"
Embroker,"
24 Shotwell St, San Francisco, CA 94103, United States",SF SOMA,CA,,844-436-2765,http://embroker.com/,embrokeraccess@embroker.com,,,Website,,Google Maps,"https://www.google.com/maps/search/business+insurance+broker+near+SF+SOMA%2FFiDi%2C+CA/@37.785,-122.395,14z"
Employers Insurance Co,"
255 California St # 9, San Francisco, CA 94111, United States",SF Downtown,CA,,415-627-5000,,,,,No reviews,,Google Maps,"https://www.google.com/maps/search/workers+compensation+insurance+near+SF+Downtown%2C+CA/@37.788,-122.4075,14z"
Employers Insurance Co,"
255 California St # 9, San Francisco, CA 94111, United States",SF Mission,CA,,415-627-5000,,,,,No reviews,,Google Maps,"https://www.google.com/maps/search/workers+compensation+insurance+near+SF+Mission%2FCastro%2C+CA/@37.76,-122.42,14z"
Employers Insurance Co,"
255 California St # 9, San Francisco, CA 94111, United States",SF SOMA,CA,,415-627-5000,,,,,No reviews,,Google Maps,"https://www.google.com/maps/search/workers+compensation+insurance+near+SF+SOMA%2FFiDi%2C+CA/@37.785,-122.395,14z"
Employers Insurance Co,"
255 California St # 9, San Francisco, CA 94111, United States",SF Sunset,CA,,415-627-5000,,,,,No reviews,,Google Maps,"https://www.google.com/maps/search/workers+compensation+insurance+near+SF+Sunset%2FRichmond%2C+CA/@37.765,-122.48,14z"
ESI Insurance Brokers,"
2085 Van Ness Ave, San Francisco, CA 94109, United States",SF Downtown,CA,,415-440-5136,http://www.insurance415.com/,,,,Website,,Google Maps,"https://www.google.com/maps/search/commercial+insurance+near+SF+Downtown%2C+CA/@37.788,-122.4075,14z"
ESI Insurance Brokers,"
2085 Van Ness Ave, San Francisco, CA 94109, United States",SF Mission,CA,,415-440-5136,http://www.insurance415.com/,,,,Website,,Google Maps,"https://www.google.com/maps/search/commercial+insurance+near+SF+Mission%2FCastro%2C+CA/@37.76,-122.42,14z"
ESI Insurance Brokers,"
2085 Van Ness Ave, San Francisco, CA 94109, United States",SF SOMA,CA,,415-440-5136,http://www.insurance415.com/,,,,Website,,Google Maps,"https://www.google.com/maps/search/commercial+insurance+near+SF+SOMA%2FFiDi%2C+CA/@37.785,-122.395,14z"
ESI Insurance Brokers,"
2085 Van Ness Ave, San Francisco, CA 94109, United States",SF Sunset,CA,,415-440-5136,http://www.insurance415.com/,,,,Website,,Google Maps,"https://www.google.com/maps/search/commercial+insurance+near+SF+Sunset%2FRichmond%2C+CA/@37.765,-122.48,14z"
Farmers Insurance,"
601 4th St UNIT 116, San Francisco, CA 94107, United States",SF Sunset,CA,,415-221-8484,https://agents.farmers.com/ca/san-francisco/clarence-castillo?SourceID=AMPALFGMAG&utm_source=GMB&utm_medium=Local&y_source=1_MTU0ODI2MS03MTUtbG9jYXRpb24ud2Vic2l0ZQ==,ccastillo1@farmersagent.com,,,No reviews,,Google Maps,"https://www.google.com/maps/search/commercial+insurance+agent+near+SF+Sunset%2FRichmond%2C+CA/@37.765,-122.48,14z"
Farmers Insurance - Carol Yee,"
1629 Irving St, San Francisco, CA 94122, United States",SF Sunset,CA,,415-661-1331,https://agents.farmers.com/ca/san-francisco/carol-yee?SourceID=AMPALFGMAG&utm_source=GMB&utm_medium=Local&y_source=1_MTU0Nzc5OC03MTUtbG9jYXRpb24uZ29vZ2xlX3dlYnNpdGVfb3ZlcnJpZGU%3D,cyee@farmersagent.com,,,Website,,Google Maps,"https://www.google.com/maps/search/workers+compensation+insurance+near+SF+Sunset%2FRichmond%2C+CA/@37.765,-122.48,14z"
Farmers Insurance - Clarence Castillo,"
601 4th St UNIT 116, San Francisco, CA 94107, United States",SF SOMA,CA,,415-495-8913,https://agents.farmers.com/ca/san-francisco/clarence-castillo?SourceID=AMPALFGMAG&utm_source=GMB&utm_medium=Local&y_source=1_MTU0ODI2MS03MTUtbG9jYXRpb24ud2Vic2l0ZQ==,ccastillo1@farmersagent.com,,,Website,,Google Maps,"https://www.google.com/maps/search/commercial+insurance+near+SF+SOMA%2FFiDi%2C+CA/@37.785,-122.395,14z"
Farmers Insurance - Eric Gee,"
1160 Battery St Suite 100, San Francisco, CA 94111, United States",SF Downtown,CA,,415-635-0999,https://agents.farmers.com/ca/san-francisco/eric-gee?SourceID=AMPALFGMAG&utm_source=GMB&utm_medium=Local&y_source=1_MTU0OTg3My03MTUtbG9jYXRpb24ud2Vic2l0ZQ==,egee@farmersagent.com,,,Website,,Google Maps,"https://www.google.com/maps/search/business+insurance+broker+near+SF+Downtown%2C+CA/@37.788,-122.4075,14z"
Farmers Insurance - Eric Gee,"
1160 Battery St Suite 100, San Francisco, CA 94111, United States",SF SOMA,CA,,415-635-0999,https://agents.farmers.com/ca/san-francisco/eric-gee?SourceID=AMPALFGMAG&utm_source=GMB&utm_medium=Local&y_source=1_MTU0OTg3My03MTUtbG9jYXRpb24ud2Vic2l0ZQ==,egee@farmersagent.com,,,Website,,Google Maps,"https://www.google.com/maps/search/general+liability+insurance+near+SF+SOMA%2FFiDi%2C+CA/@37.785,-122.395,14z"
Farmers Insurance - Gadner Navarro,"
4201 Mission St, San Francisco, CA 94112, United States",SF Mission,CA,,415-334-4200,https://agents.farmers.com/ca/san-francisco/gadner-navarro?SourceID=AMPALFGMAG&utm_source=GMB&utm_medium=Local&y_source=1_MTU1MDIzMC03MTUtbG9jYXRpb24ud2Vic2l0ZQ==,gnavarro@farmersagent.com,,,Website,,Google Maps,"https://www.google.com/maps/search/commercial+insurance+near+SF+Mission%2FCastro%2C+CA/@37.76,-122.42,14z"
Farmers Insurance - Jaime Maldonado,"
250 Columbus Ave Ste 209, San Francisco, CA 94133, United States",SF SOMA,CA,,415-758-1033,https://agents.farmers.com/ca/san-francisco/jaime-maldonado?SourceID=AMPALFGMAG&utm_source=GMB&utm_medium=Local&y_source=1_MjUzMDcxNTktNzE1LWxvY2F0aW9uLndlYnNpdGU%3D,jmaldonado@farmersagent.com,,,Website,,Google Maps,"https://www.google.com/maps/search/commercial+property+insurance+near+SF+SOMA%2FFiDi%2C+CA/@37.785,-122.395,14z"
Farmers Insurance - Jason Gee,"
2308 Clement St, San Francisco, CA 94121, United States",SF Sunset,CA,,415-566-2822,https://agents.farmers.com/ca/san-francisco/jason-gee?SourceID=AMPALFGMAG&utm_source=GMB&utm_medium=Local&y_source=1_MTU1MTQxNS03MTUtbG9jYXRpb24ud2Vic2l0ZQ==,jgee@farmersagent.com,,,Website,,Google Maps,"https://www.google.com/maps/search/commercial+insurance+near+SF+Sunset%2FRichmond%2C+CA/@37.765,-122.48,14z"
Farmers Insurance - Jenny Mach,"
275 6th Ave Ste 105, San Francisco, CA 94118, United States",SF Sunset,CA,,415-225-0458,https://agents.farmers.com/ca/san-francisco/jenny-mach?SourceID=AMPALFGMAG&utm_source=GMB&utm_medium=Local&y_source=1_Mjc3MzE1NTctNzE1LWxvY2F0aW9uLndlYnNpdGU=,,,,No reviews,,Google Maps,"https://www.google.com/maps/search/workers+compensation+insurance+near+SF+Sunset%2FRichmond%2C+CA/@37.765,-122.48,14z"
Farmers Insurance - Jonathan Mai,"
3235 Balboa St, San Francisco, CA 94121, United States",SF Sunset,CA,,415-221-8484,https://agents.farmers.com/ca/san-francisco/jonathan-mai?SourceID=AMPALFGMAG&utm_source=GMB&utm_medium=Local&y_source=1_ODMxMzM2NS03MTUtbG9jYXRpb24ud2Vic2l0ZQ==,jmai@farmersagent.com,,,Website,,Google Maps,"https://www.google.com/maps/search/commercial+insurance+near+SF+Sunset%2FRichmond%2C+CA/@37.765,-122.48,14z"
Farmers Insurance - Justin Choy,"
1200 Vicente St, San Francisco, CA 94116, United States",SF Sunset,CA,,415-795-8288,https://agents.farmers.com/ca/san-francisco/justin-choy?SourceID=AMPALFGMAG&utm_source=GMB&utm_medium=Local&y_source=1_MTU1Mjc0OC03MTUtbG9jYXRpb24ud2Vic2l0ZQ==,jchoy@farmersagent.com,,,Website,,Google Maps,"https://www.google.com/maps/search/commercial+insurance+agent+near+SF+Sunset%2FRichmond%2C+CA/@37.765,-122.48,14z"
Farmers Insurance - Li Wang,"
2390 20th Ave #210, San Francisco, CA 94116, United States",SF Sunset,CA,,415-681-6833,https://agents.farmers.com/ca/san-francisco/li-wang?SourceID=AMPALFGMAG&utm_source=GMB&utm_medium=Local&y_source=1_MzI2NDczOS03MTUtbG9jYXRpb24ud2Vic2l0ZQ==,lwang@farmersagent.com,,,Website,,Google Maps,"https://www.google.com/maps/search/commercial+insurance+near+SF+Sunset%2FRichmond%2C+CA/@37.765,-122.48,14z"
Farmers Insurance - Michael McFarlin,"
3755 Balboa St Ste 202, San Francisco, CA 94121, United States",SF Sunset,CA,,415-664-4199,https://agents.farmers.com/ca/san-francisco/michael-mcfarlin?SourceID=AMPALFGMAG&utm_source=GMB&utm_medium=Local&y_source=1_MTU1NDc1OC03MTUtbG9jYXRpb24ud2Vic2l0ZQ==,mmcfarlin@farmersagent.com,,,Website,,Google Maps,"https://www.google.com/maps/search/commercial+insurance+agent+near+SF+Sunset%2FRichmond%2C+CA/@37.765,-122.48,14z"
Farmers Insurance - Ming Sham,"
2209 Irving St Ste 204, San Francisco, CA 94122, United States",SF Sunset,CA,,415-468-6699,https://agents.farmers.com/ca/san-francisco/ming-sham?SourceID=AMPALFGMAG&utm_source=GMB&utm_medium=Local&y_source=1_MTU1NTAzNC03MTUtbG9jYXRpb24ud2Vic2l0ZQ%3D%3D,,,,Website,,Google Maps,"https://www.google.com/maps/search/commercial+insurance+near+SF+Sunset%2FRichmond%2C+CA/@37.765,-122.48,14z"
Farmers Insurance - Peter Chen,"
2505 Clement St, San Francisco, CA 94121, United States",SF Sunset,CA,,415-742-0412,https://agents.farmers.com/ca/san-francisco/peter-chen?SourceID=AMPALFGMAG&utm_source=GMB&utm_medium=Local&y_source=1_MTU1NTY4NS03MTUtbG9jYXRpb24ud2Vic2l0ZQ==,pchen@farmersagent.com,,,Website,,Google Maps,"https://www.google.com/maps/search/commercial+insurance+near+SF+Sunset%2FRichmond%2C+CA/@37.765,-122.48,14z"
Farmers Insurance - Tamara Sverdlova,"
5616 Geary Blvd Ste 207a, San Francisco, CA 94121, United States",SF Sunset,CA,,415-753-9193,https://agents.farmers.com/ca/san-francisco/tamara-sverdlova?SourceID=AMPALFGMAG&utm_source=GMB&utm_medium=Local&y_source=1_MTU1NzgzOC03MTUtbG9jYXRpb24uZ29vZ2xlX3dlYnNpdGVfb3ZlcnJpZGU%3D,,,,Website,,Google Maps,"https://www.google.com/maps/search/commercial+insurance+near+SF+Sunset%2FRichmond%2C+CA/@37.765,-122.48,14z"
Fernando's Insurance,"
2989 Mission St, San Francisco, CA 94110, United States",SF Mission,CA,,415-648-4712,,,,,No reviews,,Google Maps,"https://www.google.com/maps/search/workers+compensation+insurance+near+SF+Mission%2FCastro%2C+CA/@37.76,-122.42,14z"
Ferrer Insurance Services Inc,"
5 3rd St #1025, San Francisco, CA 94103, United States",SF Downtown,CA,,415-856-0709,http://www.ferrerins.com/,fisi@mindspring.com,,,Website,,Google Maps,"https://www.google.com/maps/search/commercial+insurance+near+SF+Downtown%2C+CA/@37.788,-122.4075,14z"
Ferrer Insurance Services Inc,"
5 3rd St #1025, San Francisco, CA 94103, United States",SF Mission,CA,,415-856-0709,http://www.ferrerins.com/,fisi@mindspring.com,,,Website,,Google Maps,"https://www.google.com/maps/search/commercial+property+insurance+near+SF+Mission%2FCastro%2C+CA/@37.76,-122.42,14z"
Ferrer Insurance Services Inc,"
5 3rd St #1025, San Francisco, CA 94103, United States",SF SOMA,CA,,415-856-0709,http://www.ferrerins.com/,fisi@mindspring.com,,,Website,,Google Maps,"https://www.google.com/maps/search/commercial+insurance+near+SF+SOMA%2FFiDi%2C+CA/@37.785,-122.395,14z"
Fiesta Auto Insurance & Tax Service,"
1500 Monument Blvd Suite E7, Concord, CA 94520, United States",SF Sunset,CA,,510-860-4939,https://fiestainsurance.com/stores/fiesta-insurance-and-tax-concord-california-ca173/,FiestaCA173@FiestaInsurance.com,,,Website,,Google Maps,"https://www.google.com/maps/search/general+liability+insurance+near+SF+Sunset%2FRichmond%2C+CA/@37.765,-122.48,14z"
Fillia Fransisca - State Farm Insurance Agent,"
2315 Noriega St, San Francisco, CA 94122, United States",SF Sunset,CA,,415-661-3726,https://www.fillia.net/?cmpid=MDNM_blm_0001,team@keen.io,,,Website,,Google Maps,"https://www.google.com/maps/search/commercial+property+insurance+near+SF+Sunset%2FRichmond%2C+CA/@37.765,-122.48,14z"
Fred Loya Insurance,"
2098 Mission St, San Francisco, CA 94110, United States",SF Downtown,CA,,415-864-2611,https://www.fredloya.com/,customerservice@fredloya.com,,,Website,,Google Maps,"https://www.google.com/maps/search/general+liability+insurance+near+SF+Downtown%2C+CA/@37.788,-122.4075,14z"
Fred Loya Insurance,"
2098 Mission St, San Francisco, CA 94110, United States",SF Mission,CA,,415-864-2611,https://www.fredloya.com/,customerservice@fredloya.com,,,Website,,Google Maps,"https://www.google.com/maps/search/commercial+insurance+near+SF+Mission%2FCastro%2C+CA/@37.76,-122.42,14z"
Fred Loya Insurance,"
2098 Mission St, San Francisco, CA 94110, United States",SF SOMA,CA,,415-864-2611,https://www.fredloya.com/,customerservice@fredloya.com,,,Website,,Google Maps,"https://www.google.com/maps/search/general+liability+insurance+near+SF+SOMA%2FFiDi%2C+CA/@37.785,-122.395,14z"
Futuro Insurance Services Richmond,"
12553 San Pablo Ave B, Richmond, CA 94805, United States",SF Sunset,CA,,510-403-4333,https://futuroins.com/,jordana@futuroinsurances.com,,,Website,,Google Maps,"https://www.google.com/maps/search/commercial+insurance+near+SF+Sunset%2FRichmond%2C+CA/@37.765,-122.48,14z"
George Jee Insurance,"
6115 Geary Blvd STE 202, San Francisco, CA 94121, United States",SF Sunset,CA,,415-668-3272,,,,,Directions,,Google Maps,"https://www.google.com/maps/search/commercial+insurance+agent+near+SF+Sunset%2FRichmond%2C+CA/@37.765,-122.48,14z"
Golden State Workers Compensation,"
337 17th St Suite 217, Oakland, CA 94612, United States",SF Sunset,CA,,510-926-4053,http://workerscompensationlawyercalifornia.com/,info@workerscompensationlawyercalifornia.com,4.5,119,4.5(119),,Google Maps,"https://www.google.com/maps/search/workers+compensation+insurance+near+SF+Sunset%2FRichmond%2C+CA/@37.765,-122.48,14z"
Guillermo Jimenez Insurance Agency,"
683 Commercial St, San Francisco, CA 94111, United States",SF Sunset,CA,,415-515-0297,,,,,Directions,,Google Maps,"https://www.google.com/maps/search/commercial+insurance+near+SF+Sunset%2FRichmond%2C+CA/@37.765,-122.48,14z"
Heffernan Insurance Brokers,"
300 California St Suite 450, San Francisco, CA 94104, United States",SF Downtown,CA,,800-829-9996,https://www.heffins.com/,,,,Website,,Google Maps,"https://www.google.com/maps/search/business+insurance+broker+near+SF+Downtown%2C+CA/@37.788,-122.4075,14z"
Heffernan Insurance Brokers,"
300 California St Suite 450, San Francisco, CA 94104, United States",SF SOMA,CA,,800-829-9996,https://www.heffins.com/,,,,Website,,Google Maps,"https://www.google.com/maps/search/business+insurance+broker+near+SF+SOMA%2FFiDi%2C+CA/@37.785,-122.395,14z"
Henry De Guzman Cruz: Allstate Insurance,"
447 Sutter St Ste 807, San Francisco, CA 94108, United States",SF Downtown,CA,,415-561-0690,https://agents.allstate.com/henry-de-guzman-cruz-san-francisco-ca.html?utm_source=GMB&utm_medium=Website,,,,Website,,Google Maps,"https://www.google.com/maps/search/commercial+insurance+near+SF+Downtown%2C+CA/@37.788,-122.4075,14z"
Henry De Guzman Cruz: Allstate Insurance,"
447 Sutter St Ste 807, San Francisco, CA 94108, United States",SF SOMA,CA,,415-561-0690,https://agents.allstate.com/henry-de-guzman-cruz-san-francisco-ca.html?utm_source=GMB&utm_medium=Website,,,,Website,,Google Maps,"https://www.google.com/maps/search/commercial+insurance+near+SF+SOMA%2FFiDi%2C+CA/@37.785,-122.395,14z"
Hogan Insurance,"
1255 Taylor St, San Francisco, CA 94108, United States",SF Downtown,CA,,818-600-0363,,,,,Directions,,Google Maps,"https://www.google.com/maps/search/commercial+insurance+near+SF+Downtown%2C+CA/@37.788,-122.4075,14z"
Hogan Insurance,"
1255 Taylor St, San Francisco, CA 94108, United States",SF SOMA,CA,,818-600-0363,,,,,Directions,,Google Maps,"https://www.google.com/maps/search/commercial+insurance+near+SF+SOMA%2FFiDi%2C+CA/@37.785,-122.395,14z"
HUB International,"
360 Main St A 10, Winnipeg, MB R3C 3Z3",SF Mission,CA,,415-276-2800,https://www.hubinternational.com/offices/ca/manitoba/winnipeg-main-street,,,,Website,,Google Maps,"https://www.google.com/maps/search/workers+compensation+insurance+near+SF+Mission%2FCastro%2C+CA/@37.76,-122.42,14z"
Hudson Insurance Group,"
One Front St Suite 300, San Francisco, CA 94111, United States",SF SOMA,CA,,415-946-8872,,,,,+1 415-946-8872,,Google Maps,"https://www.google.com/maps/search/commercial+property+insurance+near+SF+SOMA%2FFiDi%2C+CA/@37.785,-122.395,14z"
iiSi - A Division of Companion Life Insurance Company,"
101 Montgomery St Suite 800, San Francisco, CA 94104, United States",SF Downtown,CA,,415-398-6603,http://www.iisinet.com/,,,,Website,,Google Maps,"https://www.google.com/maps/search/workers+compensation+insurance+near+SF+Downtown%2C+CA/@37.788,-122.4075,14z"
Inclusive Insurance,"
180 Montgomery St, San Francisco, CA 94104, United States",SF Downtown,CA,,844-462-5874,http://inclusiveinsurance.com/,john@inclusiveinsurance.com,,,Website,,Google Maps,"https://www.google.com/maps/search/commercial+insurance+near+SF+Downtown%2C+CA/@37.788,-122.4075,14z"
Inclusive Insurance,"
180 Montgomery St, San Francisco, CA 94104, United States",SF Mission,CA,,844-462-5874,http://inclusiveinsurance.com/,john@inclusiveinsurance.com,,,Website,,Google Maps,"https://www.google.com/maps/search/workers+compensation+insurance+near+SF+Mission%2FCastro%2C+CA/@37.76,-122.42,14z"
Inclusive Insurance,"
180 Montgomery St, San Francisco, CA 94104, United States",SF SOMA,CA,,844-462-5874,http://inclusiveinsurance.com/,john@inclusiveinsurance.com,,,Website,,Google Maps,"https://www.google.com/maps/search/commercial+insurance+near+SF+SOMA%2FFiDi%2C+CA/@37.785,-122.395,14z"
Inclusive Insurance,"
180 Montgomery St, San Francisco, CA 94104, United States",SF Sunset,CA,,844-462-5874,http://inclusiveinsurance.com/,john@inclusiveinsurance.com,,,Website,,Google Maps,"https://www.google.com/maps/search/workers+compensation+insurance+near+SF+Sunset%2FRichmond%2C+CA/@37.765,-122.48,14z"
Insurance Agency J&E and Registration Services,"
86 29th St, San Francisco, CA 94110, United States",SF Downtown,CA,,415-250-0996,https://www.dmv.ca.gov/portal/business-partner/tribeca-insurance-solutions-llc/,,,,Directions,,Google Maps,"https://www.google.com/maps/search/commercial+property+insurance+near+SF+Downtown%2C+CA/@37.788,-122.4075,14z"
Insurance Agency J&E and Registration Services,"
86 29th St, San Francisco, CA 94110, United States",SF Mission,CA,,415-250-0996,https://www.dmv.ca.gov/portal/business-partner/tribeca-insurance-solutions-llc/,,,,Directions,,Google Maps,"https://www.google.com/maps/search/commercial+insurance+near+SF+Mission%2FCastro%2C+CA/@37.76,-122.42,14z"
Insurance Agency J&E and Registration Services,"
86 29th St, San Francisco, CA 94110, United States",SF SOMA,CA,,415-250-0996,https://www.dmv.ca.gov/portal/business-partner/tribeca-insurance-solutions-llc/,,,,Directions,,Google Maps,"https://www.google.com/maps/search/general+liability+insurance+near+SF+SOMA%2FFiDi%2C+CA/@37.785,-122.395,14z"
Insurance Personnel Services,"
44 Montgomery St #1660, San Francisco, CA 94104, United States",SF Mission,CA,,415-391-5900,http://www.ipsjobs.com/,,,,Website,,Google Maps,"https://www.google.com/maps/search/workers+compensation+insurance+near+SF+Mission%2FCastro%2C+CA/@37.76,-122.42,14z"
Insurance Personnel Services,"
44 Montgomery St #1660, San Francisco, CA 94104, United States",SF SOMA,CA,,415-391-5900,http://www.ipsjobs.com/,,,,Website,,Google Maps,"https://www.google.com/maps/search/workers+compensation+insurance+near+SF+SOMA%2FFiDi%2C+CA/@37.785,-122.395,14z"
Insurance Services Office Inc,"
388 Market St # 800, San Francisco, CA 94111, United States",SF Mission,CA,,415-434-4599,http://www.iso.com/,,,,Website,,Google Maps,"https://www.google.com/maps/search/workers+compensation+insurance+near+SF+Mission%2FCastro%2C+CA/@37.76,-122.42,14z"
Insurance Services Office Inc,"
388 Market St # 800, San Francisco, CA 94111, United States",SF SOMA,CA,,415-434-4599,http://www.iso.com/,,,,Website,,Google Maps,"https://www.google.com/maps/search/workers+compensation+insurance+near+SF+SOMA%2FFiDi%2C+CA/@37.785,-122.395,14z"
Insurance Services Office Inc,"
388 Market St # 800, San Francisco, CA 94111, United States",SF Sunset,CA,,415-434-4599,http://www.iso.com/,,,,Website,,Google Maps,"https://www.google.com/maps/search/workers+compensation+insurance+near+SF+Sunset%2FRichmond%2C+CA/@37.765,-122.48,14z"
Insureaze Insurance Solutions,"
2021 Fillmore St #9186, San Francisco, CA 94115, United States",SF Downtown,CA,,800-897-8221,https://insureaze.com/,info@insureaze.com,,,Website,,Google Maps,"https://www.google.com/maps/search/commercial+insurance+near+SF+Downtown%2C+CA/@37.788,-122.4075,14z"
Insureaze Insurance Solutions,"
2021 Fillmore St #9186, San Francisco, CA 94115, United States",SF Mission,CA,,800-897-8221,https://insureaze.com/,info@insureaze.com,,,Website,,Google Maps,"https://www.google.com/maps/search/commercial+insurance+near+SF+Mission%2FCastro%2C+CA/@37.76,-122.42,14z"
Insureaze Insurance Solutions,"
2021 Fillmore St #9186, San Francisco, CA 94115, United States",SF SOMA,CA,,800-897-8221,https://insureaze.com/,info@insureaze.com,,,Website,,Google Maps,"https://www.google.com/maps/search/commercial+insurance+near+SF+SOMA%2FFiDi%2C+CA/@37.785,-122.395,14z"
Insureaze Insurance Solutions,"
2021 Fillmore St #9186, San Francisco, CA 94115, United States",SF Sunset,CA,,800-897-8221,https://insureaze.com/,info@insureaze.com,,,Website,,Google Maps,"https://www.google.com/maps/search/business+insurance+broker+near+SF+Sunset%2FRichmond%2C+CA/@37.765,-122.48,14z"
"Jack Lee Fong Insurance Agency, Inc.","
577 Columbus Ave, San Francisco, CA 94133, United States",SF Downtown,CA,,415-956-3990,http://www.jlfia.com/,,,,Website,,Google Maps,"https://www.google.com/maps/search/commercial+insurance+near+SF+Downtown%2C+CA/@37.788,-122.4075,14z"
"Jack Lee Fong Insurance Agency, Inc.","
577 Columbus Ave, San Francisco, CA 94133, United States",SF SOMA,CA,,415-956-3990,http://www.jlfia.com/,,,,Website,,Google Maps,"https://www.google.com/maps/search/commercial+insurance+near+SF+SOMA%2FFiDi%2C+CA/@37.785,-122.395,14z"
"Jack Lee Fong Insurance Agency, Inc.","
577 Columbus Ave, San Francisco, CA 94133, United States",SF Sunset,CA,,415-956-3990,http://www.jlfia.com/,,,,Website,,Google Maps,"https://www.google.com/maps/search/workers+compensation+insurance+near+SF+Sunset%2FRichmond%2C+CA/@37.765,-122.48,14z"
Jacoby & Meyers Accident & Injury Lawyers - San Francisco,"
50 California St Suite 1500, San Francisco, CA 94111, United States",SF Downtown,CA,,415-855-4289,https://www.jacobyandmeyers.com/san-francisco-personal-injury-lawyer/?utm_source=google&utm_medium=organic&utm_campaign=gmb-listing,info@jacobyandmeyers.com,4.8,144,4.8(144),,Google Maps,"https://www.google.com/maps/search/workers+compensation+insurance+near+SF+Downtown%2C+CA/@37.788,-122.4075,14z"
Jake Ng - State Farm Insurance Agent,"
1643 Noriega St, San Francisco, CA 94122, United States",SF Sunset,CA,,415-564-0333,https://www.jakeng.com/?cmpid=B9D0_blm_0001,team@keen.io,,,Website,,Google Maps,"https://www.google.com/maps/search/business+insurance+broker+near+SF+Sunset%2FRichmond%2C+CA/@37.765,-122.48,14z"
Jake Stewart - State Farm Insurance Agent,"
490 Post St Suite 1606, San Francisco, CA 94102, United States",SF Downtown,CA,,415-982-9033,https://www.jakestewart.com/,team@keen.io,,,Website,,Google Maps,"https://www.google.com/maps/search/commercial+insurance+near+SF+Downtown%2C+CA/@37.788,-122.4075,14z"
Jake Stewart - State Farm Insurance Agent,"
490 Post St Suite 1606, San Francisco, CA 94102, United States",SF Mission,CA,,415-982-9033,https://www.jakestewart.com/,team@keen.io,,,Website,,Google Maps,"https://www.google.com/maps/search/commercial+insurance+near+SF+Mission%2FCastro%2C+CA/@37.76,-122.42,14z"
Jake Stewart - State Farm Insurance Agent,"
490 Post St Suite 1606, San Francisco, CA 94102, United States",SF SOMA,CA,,415-982-9033,https://www.jakestewart.com/,team@keen.io,,,Website,,Google Maps,"https://www.google.com/maps/search/commercial+insurance+near+SF+SOMA%2FFiDi%2C+CA/@37.785,-122.395,14z"
Jessica Liu Insurance Services,"
3428 Balboa St, San Francisco, CA 94121, United States",SF Downtown,CA,,415-386-2283,https://jlis.com/?utm_source=gbp&utm_medium=organic,,,,Website,,Google Maps,"https://www.google.com/maps/search/general+liability+insurance+near+SF+Downtown%2C+CA/@37.788,-122.4075,14z"
Jessica Liu Insurance Services,"
3428 Balboa St, San Francisco, CA 94121, United States",SF Mission,CA,,415-386-2283,https://jlis.com/?utm_source=gbp&utm_medium=organic,,,,Website,,Google Maps,"https://www.google.com/maps/search/general+liability+insurance+near+SF+Mission%2FCastro%2C+CA/@37.76,-122.42,14z"
Jessica Liu Insurance Services,"
3428 Balboa St, San Francisco, CA 94121, United States",SF SOMA,CA,,415-386-2283,https://jlis.com/?utm_source=gbp&utm_medium=organic,,,,Website,,Google Maps,"https://www.google.com/maps/search/workers+compensation+insurance+near+SF+SOMA%2FFiDi%2C+CA/@37.785,-122.395,14z"
Jessica Liu Insurance Services,"
3428 Balboa St, San Francisco, CA 94121, United States",SF Sunset,CA,,415-386-2283,https://jlis.com/?utm_source=gbp&utm_medium=organic,,,,Website,,Google Maps,"https://www.google.com/maps/search/commercial+insurance+near+SF+Sunset%2FRichmond%2C+CA/@37.765,-122.48,14z"
JG Insurance Solutions,"
12807 San Pablo Ave, Richmond, CA 94805, United States",SF Sunset,CA,,510-307-5157,,,,,Directions,,Google Maps,"https://www.google.com/maps/search/commercial+insurance+near+SF+Sunset%2FRichmond%2C+CA/@37.765,-122.48,14z"
Jing Lee - State Farm Insurance Agent,"
4444 Geary Blvd #300, San Francisco, CA 94118, United States",SF Sunset,CA,,415-752-8888,https://www.jingleeinsurance.com/?cmpid=pbdf_blm_0001,team@keen.io,,,Website,,Google Maps,"https://www.google.com/maps/search/business+insurance+broker+near+SF+Sunset%2FRichmond%2C+CA/@37.765,-122.48,14z"
Joe Freund - State Farm Insurance Agent,"
1732 Divisadero St, San Francisco, CA 94115, United States",SF Downtown,CA,,415-359-9311,https://www.joefreund.com/?cmpid=QUJ1_blm_0001,team@keen.io,,,Website,,Google Maps,"https://www.google.com/maps/search/business+insurance+broker+near+SF+Downtown%2C+CA/@37.788,-122.4075,14z"
Jurga Abudeab/ Insurance Agent,"
201 Spear St # 1100, San Francisco, CA 94105, United States",SF SOMA,CA,,415-216-3573,http://www.jurgainsurance.com/,jurgainsurance@hotmail.com,,,Website,,Google Maps,"https://www.google.com/maps/search/general+liability+insurance+near+SF+SOMA%2FFiDi%2C+CA/@37.785,-122.395,14z"
Kajal Pashmi - State Farm Insurance Agent,"
3138 Geary Blvd, San Francisco, CA 94118, United States",SF Sunset,CA,,415-742-4459,https://www.kajalpinsurance.com/?cmpid=F284_blm_0001,team@keen.io,,,Website,,Google Maps,"https://www.google.com/maps/search/business+insurance+broker+near+SF+Sunset%2FRichmond%2C+CA/@37.765,-122.48,14z"
Kauno,"
1118 Howard St, San Francisco, CA 94103, United States",SF Sunset,CA,,415-742-1253,https://www.kaunosf.com/,info@kaunosf.com,,,Website,,Google Maps,"https://www.google.com/maps/search/workers+compensation+insurance+near+SF+Sunset%2FRichmond%2C+CA/@37.765,-122.48,14z"
Ken Block & Associates,"
232 Broadway, Richmond, CA 94804, United States",SF Sunset,CA,,707-644-0235,https://www.kenblockinsurance.com/contact.html,ken@kenblockinsurance.com,,,No reviews,,Google Maps,"https://www.google.com/maps/search/workers+compensation+insurance+near+SF+Sunset%2FRichmond%2C+CA/@37.765,-122.48,14z"
King & King Insurance Solutions,"
1956 Lombard St, San Francisco, CA 94123, United States",SF Sunset,CA,,415-890-2100,,,,,Directions,,Google Maps,"https://www.google.com/maps/search/workers+compensation+insurance+near+SF+Sunset%2FRichmond%2C+CA/@37.765,-122.48,14z"
Larry H. Parker Accident Attorneys,"
95 3rd St 2nd Floor, San Francisco, CA 94103, United States",SF Downtown,CA,,415-634-1136,https://www.larryhparker.com/locations/san-francisco-personal-injury-attorney/,info@larryhparker.com,5.0,38,5.0(38),,Google Maps,"https://www.google.com/maps/search/workers+compensation+insurance+near+SF+Downtown%2C+CA/@37.788,-122.4075,14z"
Law Offices of Byron T Smith,"
825 Van Ness Ave Ste 604, San Francisco, CA 94109, United States",SF Downtown,CA,,415-944-5689,https://www.lobts.com/,,,,Website,,Google Maps,"https://www.google.com/maps/search/workers+compensation+insurance+near+SF+Downtown%2C+CA/@37.788,-122.4075,14z"
Law Offices of Byron T Smith,"
825 Van Ness Ave Ste 604, San Francisco, CA 94109, United States",SF Mission,CA,,415-944-5689,https://www.lobts.com/,,,,Website,,Google Maps,"https://www.google.com/maps/search/workers+compensation+insurance+near+SF+Mission%2FCastro%2C+CA/@37.76,-122.42,14z"
LW Insurance,"
3330 Mission St, San Francisco, CA 94110, United States",SF Mission,CA,,415-648-1254,http://www.lwinsf.com/,luis@lwinsf.com,,,Website,,Google Maps,"https://www.google.com/maps/search/commercial+insurance+near+SF+Mission%2FCastro%2C+CA/@37.76,-122.42,14z"
LW Insurance,"
3330 Mission St, San Francisco, CA 94110, United States",SF SOMA,CA,,415-648-1254,http://www.lwinsf.com/,luis@lwinsf.com,,,Website,,Google Maps,"https://www.google.com/maps/search/workers+compensation+insurance+near+SF+SOMA%2FFiDi%2C+CA/@37.785,-122.395,14z"
LW Insurance,"
3330 Mission St, San Francisco, CA 94110, United States",SF Sunset,CA,,415-648-1254,http://www.lwinsf.com/,luis@lwinsf.com,,,Website,,Google Maps,"https://www.google.com/maps/search/general+liability+insurance+near+SF+Sunset%2FRichmond%2C+CA/@37.765,-122.48,14z"
M.A. Hays Insurance Brokers,"
101 Montgomery St, San Francisco, CA 94104, United States",SF Sunset,CA,,510-235-0353,,,,,Website,,Google Maps,"https://www.google.com/maps/search/commercial+insurance+near+SF+Sunset%2FRichmond%2C+CA/@37.765,-122.48,14z"
Mary Zell Spellman - State Farm Insurance Agent,"
26 W Portal Ave UNIT 1, San Francisco, CA 94127, United States",SF Mission,CA,,415-401-7000,http://www.insurewithus.org/?cmpid=P8HF_blm_0001,team@keen.io,,,Website,,Google Maps,"https://www.google.com/maps/search/general+liability+insurance+near+SF+Mission%2FCastro%2C+CA/@37.76,-122.42,14z"
Mary Zell Spellman - State Farm Insurance Agent,"
26 W Portal Ave UNIT 1, San Francisco, CA 94127, United States",SF Sunset,CA,,415-401-7000,http://www.insurewithus.org/?cmpid=P8HF_blm_0001,team@keen.io,,,Website,,Google Maps,"https://www.google.com/maps/search/business+insurance+broker+near+SF+Sunset%2FRichmond%2C+CA/@37.765,-122.48,14z"
Mighty Oak Insurance Services,"
100 Pine St #1250, San Francisco, CA 94111, United States",SF Downtown,CA,,415-517-0652,http://mightyoaksf.com/,Jonathan@MightyOakSF.com,,,Website,,Google Maps,"https://www.google.com/maps/search/commercial+insurance+near+SF+Downtown%2C+CA/@37.788,-122.4075,14z"
Mighty Oak Insurance Services,"
100 Pine St #1250, San Francisco, CA 94111, United States",SF Mission,CA,,415-517-0652,http://mightyoaksf.com/,Jonathan@MightyOakSF.com,,,Website,,Google Maps,"https://www.google.com/maps/search/business+insurance+broker+near+SF+Mission%2FCastro%2C+CA/@37.76,-122.42,14z"
MOC Insurance Services,"
101 Montgomery St, San Francisco, CA 94104, United States",SF Downtown,CA,,415-957-0600,,,,,Directions,,Google Maps,"https://www.google.com/maps/search/commercial+insurance+near+SF+Downtown%2C+CA/@37.788,-122.4075,14z"
MOC Insurance Services,"
101 Montgomery St, San Francisco, CA 94104, United States",SF Mission,CA,,415-957-0600,,,,,Directions,,Google Maps,"https://www.google.com/maps/search/commercial+insurance+near+SF+Mission%2FCastro%2C+CA/@37.76,-122.42,14z"
MOC Insurance Services,"
101 Montgomery St, San Francisco, CA 94104, United States",SF SOMA,CA,,415-957-0600,,,,,Directions,,Google Maps,"https://www.google.com/maps/search/commercial+insurance+near+SF+SOMA%2FFiDi%2C+CA/@37.785,-122.395,14z"
MOC Insurance Services,"
101 Montgomery St, San Francisco, CA 94104, United States",SF Sunset,CA,,415-957-0600,,,,,Directions,,Google Maps,"https://www.google.com/maps/search/workers+compensation+insurance+near+SF+Sunset%2FRichmond%2C+CA/@37.765,-122.48,14z"
Multifamily Commercial Insurance,"
48 Market St, San Francisco, CA 94104, United States",SF Downtown,CA,,415-740-3900,http://imultifamily.com/contactus.html,insurance@imultifamily.com,,,No reviews,,Google Maps,"https://www.google.com/maps/search/commercial+property+insurance+near+SF+Downtown%2C+CA/@37.788,-122.4075,14z"
Multifamily Commercial Insurance,"
48 Market St, San Francisco, CA 94104, United States",SF SOMA,CA,,415-740-3900,http://imultifamily.com/contactus.html,insurance@imultifamily.com,,,No reviews,,Google Maps,"https://www.google.com/maps/search/commercial+insurance+near+SF+SOMA%2FFiDi%2C+CA/@37.785,-122.395,14z"
Muscle and Joint Chiropractic,"
4630 Geary Blvd #307, San Francisco, CA 94118, United States",SF Sunset,CA,,415-742-4782,http://www.sfmuscleandjoint.com/,Roman@sfmuscleandjoint.com,,,Website,,Google Maps,"https://www.google.com/maps/search/workers+compensation+insurance+near+SF+Sunset%2FRichmond%2C+CA/@37.765,-122.48,14z"
Nationwide Insurance: Anita Daisy Lo Agency,"
6037 Geary Blvd, San Francisco, CA 94121, United States",SF Sunset,CA,,415-592-8388,https://agency.nationwide.com/ca/san-francisco/94121/anita-daisy-lo-agency,loa1nationwide@gmail.com,,,Website,,Google Maps,"https://www.google.com/maps/search/commercial+insurance+near+SF+Sunset%2FRichmond%2C+CA/@37.765,-122.48,14z"
OnMarket Insurance Associates,"
1857 Market St, San Francisco, CA 94103, United States",SF Downtown,CA,,415-487-1800,http://www.onmarketins.com/,hello@onmarketins.com,,,Website,,Google Maps,"https://www.google.com/maps/search/commercial+insurance+near+SF+Downtown%2C+CA/@37.788,-122.4075,14z"
OnMarket Insurance Associates,"
1857 Market St, San Francisco, CA 94103, United States",SF Mission,CA,,415-487-1800,http://www.onmarketins.com/,hello@onmarketins.com,,,Website,,Google Maps,"https://www.google.com/maps/search/commercial+insurance+near+SF+Mission%2FCastro%2C+CA/@37.76,-122.42,14z"
OnMarket Insurance Associates,"
1857 Market St, San Francisco, CA 94103, United States",SF SOMA,CA,,415-487-1800,http://www.onmarketins.com/,hello@onmarketins.com,,,Website,,Google Maps,"https://www.google.com/maps/search/commercial+insurance+near+SF+SOMA%2FFiDi%2C+CA/@37.785,-122.395,14z"
OnMarket Insurance Associates,"
1857 Market St, San Francisco, CA 94103, United States",SF Sunset,CA,,415-487-1800,http://www.onmarketins.com/,hello@onmarketins.com,,,Website,,Google Maps,"https://www.google.com/maps/search/commercial+insurance+near+SF+Sunset%2FRichmond%2C+CA/@37.765,-122.48,14z"
"Paperless Insurance Services, Inc.","
625 46th Ave, San Francisco, CA 94121, United States",SF Mission,CA,,877-239-0067,https://www.paperless-insurance.com/,,,,Website,,Google Maps,"https://www.google.com/maps/search/workers+compensation+insurance+near+SF+Mission%2FCastro%2C+CA/@37.76,-122.42,14z"
"Paperless Insurance Services, Inc.","
625 46th Ave, San Francisco, CA 94121, United States",SF SOMA,CA,,877-239-0067,https://www.paperless-insurance.com/,,,,Website,,Google Maps,"https://www.google.com/maps/search/workers+compensation+insurance+near+SF+SOMA%2FFiDi%2C+CA/@37.785,-122.395,14z"
"Paperless Insurance Services, Inc.","
625 46th Ave, San Francisco, CA 94121, United States",SF Sunset,CA,,877-239-0067,https://www.paperless-insurance.com/,,,,Website,,Google Maps,"https://www.google.com/maps/search/commercial+insurance+near+SF+Sunset%2FRichmond%2C+CA/@37.765,-122.48,14z"
Parceros Insurance,"
3186 21st St, San Francisco, CA 94110, United States",SF Downtown,CA,,510-755-2426,https://parcerosinsurance.com/,matt@pixelspread.com,,,Website,,Google Maps,"https://www.google.com/maps/search/commercial+property+insurance+near+SF+Downtown%2C+CA/@37.788,-122.4075,14z"
Parceros Insurance,"
3186 21st St, San Francisco, CA 94110, United States",SF Mission,CA,,510-755-2426,https://parcerosinsurance.com/,matt@pixelspread.com,,,Website,,Google Maps,"https://www.google.com/maps/search/commercial+insurance+near+SF+Mission%2FCastro%2C+CA/@37.76,-122.42,14z"
Parceros Insurance,"
3186 21st St, San Francisco, CA 94110, United States",SF SOMA,CA,,510-755-2426,https://parcerosinsurance.com/,matt@pixelspread.com,,,Website,,Google Maps,"https://www.google.com/maps/search/general+liability+insurance+near+SF+SOMA%2FFiDi%2C+CA/@37.785,-122.395,14z"
Parceros Insurance,"
3186 21st St, San Francisco, CA 94110, United States",SF Sunset,CA,,510-755-2426,https://parcerosinsurance.com/,matt@pixelspread.com,,,Website,,Google Maps,"https://www.google.com/maps/search/workers+compensation+insurance+near+SF+Sunset%2FRichmond%2C+CA/@37.765,-122.48,14z"
Pathpoint Inc.,"
200 Pine St #200, San Francisco, CA 94104, United States",SF Downtown,CA,,415-985-6781,http://www.pathpoint.com/,support@pathpoint.com,,,Website,,Google Maps,"https://www.google.com/maps/search/commercial+property+insurance+near+SF+Downtown%2C+CA/@37.788,-122.4075,14z"
Perfect California Insurance,"
548 Market St #333, San Francisco, CA 94104, United States",SF SOMA,CA,,888-888-8212,http://www.perfectca.com/,info@perfectca.com,,,No reviews,,Google Maps,"https://www.google.com/maps/search/business+insurance+broker+near+SF+SOMA%2FFiDi%2C+CA/@37.785,-122.395,14z"
Personal Lines Insurance,"
101 California St #2760, San Francisco, CA 94111, United States",SF Mission,CA,,415-319-8448,,,,,Directions,,Google Maps,"https://www.google.com/maps/search/workers+compensation+insurance+near+SF+Mission%2FCastro%2C+CA/@37.76,-122.42,14z"
Personal Lines Insurance,"
101 California St #2760, San Francisco, CA 94111, United States",SF SOMA,CA,,415-319-8448,,,,,Directions,,Google Maps,"https://www.google.com/maps/search/commercial+insurance+near+SF+SOMA%2FFiDi%2C+CA/@37.785,-122.395,14z"
Personal Lines Insurance,"
101 California St #2760, San Francisco, CA 94111, United States",SF Sunset,CA,,415-319-8448,,,,,Directions,,Google Maps,"https://www.google.com/maps/search/workers+compensation+insurance+near+SF+Sunset%2FRichmond%2C+CA/@37.765,-122.48,14z"
Philip J Fraher & Co,"
4364 Mission St, San Francisco, CA 94112, United States",SF Mission,CA,,415-586-2300,,,,,Directions,,Google Maps,"https://www.google.com/maps/search/commercial+property+insurance+near+SF+Mission%2FCastro%2C+CA/@37.76,-122.42,14z"
"Pillsbury & Coleman, LLP","
100 Green St, San Francisco, CA 94111, United States",SF Downtown,CA,,415-433-8000,http://www.pillsburycoleman.com/,,5.0,59,5.0(59),,Google Maps,"https://www.google.com/maps/search/workers+compensation+insurance+near+SF+Downtown%2C+CA/@37.788,-122.4075,14z"
"Pillsbury & Coleman, LLP","
100 Green St, San Francisco, CA 94111, United States",SF SOMA,CA,,415-433-8000,http://www.pillsburycoleman.com/,,5.0,59,5.0(59),,Google Maps,"https://www.google.com/maps/search/workers+compensation+insurance+near+SF+SOMA%2FFiDi%2C+CA/@37.785,-122.395,14z"
PremiumHealth Insurance CA,"
121 Paul Ave, San Francisco, CA 94124, United States",SF Sunset,CA,,415-213-4947,,,,,Directions,,Google Maps,"https://www.google.com/maps/search/workers+compensation+insurance+near+SF+Sunset%2FRichmond%2C+CA/@37.765,-122.48,14z"
Psoas Massage + Bodywork,"
333 3rd St #205, San Francisco, CA 94107, United States",SF SOMA,CA,,415-227-0331,http://www.psoasbodywork.com/,info@psoasbodywork.com,,,Website,,Google Maps,"https://www.google.com/maps/search/workers+compensation+insurance+near+SF+SOMA%2FFiDi%2C+CA/@37.785,-122.395,14z"
Rainbow Insurance,"
650 California St Floor 5, San Francisco, CA 94108, United States",SF Downtown,CA,,888-727-2462,https://userainbow.com/,,,,Website,,Google Maps,"https://www.google.com/maps/search/commercial+insurance+near+SF+Downtown%2C+CA/@37.788,-122.4075,14z"
Rainbow Insurance,"
650 California St Floor 5, San Francisco, CA 94108, United States",SF SOMA,CA,,888-727-2462,https://userainbow.com/,,,,Website,,Google Maps,"https://www.google.com/maps/search/commercial+insurance+near+SF+SOMA%2FFiDi%2C+CA/@37.785,-122.395,14z"
Regency Insurance Services,"
1303 9th Ave, San Francisco, CA 94122, United States",SF Downtown,CA,,650-449-0032,https://www.getregencyinsurance.com/,fred@regency-ins.net,,,Website,,Google Maps,"https://www.google.com/maps/search/commercial+insurance+near+SF+Downtown%2C+CA/@37.788,-122.4075,14z"
Regency Insurance Services,"
1303 9th Ave, San Francisco, CA 94122, United States",SF Mission,CA,,650-449-0032,https://www.getregencyinsurance.com/,fred@regency-ins.net,,,Website,,Google Maps,"https://www.google.com/maps/search/commercial+insurance+near+SF+Mission%2FCastro%2C+CA/@37.76,-122.42,14z"
Regency Insurance Services,"
1303 9th Ave, San Francisco, CA 94122, United States",SF Sunset,CA,,650-449-0032,https://www.getregencyinsurance.com/,fred@regency-ins.net,,,Website,,Google Maps,"https://www.google.com/maps/search/commercial+insurance+near+SF+Sunset%2FRichmond%2C+CA/@37.765,-122.48,14z"
Republic Indemnity Co,"
100 Pine Center, 100 Pine St #1400, San Francisco, CA 94111, United States",SF Downtown,CA,,415-981-3200,https://www.republicindemnity.com/,john.smith@acme.com,,,Website,,Google Maps,"https://www.google.com/maps/search/workers+compensation+insurance+near+SF+Downtown%2C+CA/@37.788,-122.4075,14z"
Ricardo Molina Insurance Agent,"
2757 Mission St, San Francisco, CA 94110, United States",SF Mission,CA,,650-667-1439,,,,,Directions,,Google Maps,"https://www.google.com/maps/search/business+insurance+broker+near+SF+Mission%2FCastro%2C+CA/@37.76,-122.42,14z"
Rich Machado - State Farm Insurance Agent,"
6908 Geary Blvd, San Francisco, CA 94121, United States",SF Sunset,CA,,415-292-3380,https://www.richmachado.net/?cmpid=B9LH_blm_0001,team@keen.io,,,Website,,Google Maps,"https://www.google.com/maps/search/commercial+insurance+near+SF+Sunset%2FRichmond%2C+CA/@37.765,-122.48,14z"
Riskguard Insurance Solutions,"
422 Presidio Ave, San Francisco, CA 94115, United States",SF Downtown,CA,,415-447-4212,http://www.riskguardins.com/,office@riskguardins.com,,,Website,,Google Maps,"https://www.google.com/maps/search/commercial+insurance+near+SF+Downtown%2C+CA/@37.788,-122.4075,14z"
Riskguard Insurance Solutions,"
422 Presidio Ave, San Francisco, CA 94115, United States",SF Mission,CA,,415-447-4212,http://www.riskguardins.com/,office@riskguardins.com,,,Website,,Google Maps,"https://www.google.com/maps/search/commercial+insurance+near+SF+Mission%2FCastro%2C+CA/@37.76,-122.42,14z"
Riskguard Insurance Solutions,"
422 Presidio Ave, San Francisco, CA 94115, United States",SF SOMA,CA,,415-447-4212,http://www.riskguardins.com/,office@riskguardins.com,,,Website,,Google Maps,"https://www.google.com/maps/search/commercial+insurance+near+SF+SOMA%2FFiDi%2C+CA/@37.785,-122.395,14z"
Riskguard Insurance Solutions,"
422 Presidio Ave, San Francisco, CA 94115, United States",SF Sunset,CA,,415-447-4212,http://www.riskguardins.com/,office@riskguardins.com,,,Website,,Google Maps,"https://www.google.com/maps/search/commercial+insurance+near+SF+Sunset%2FRichmond%2C+CA/@37.765,-122.48,14z"
Robert E. Kennedy Insurance Agency,"
2269 Chestnut St #301, San Francisco, CA 94123, United States",SF Downtown,CA,,415-951-0738,http://www.kennedyinsuranceagency.com/,info@kennedyinsuranceagency.com,,,Website,,Google Maps,"https://www.google.com/maps/search/commercial+insurance+near+SF+Downtown%2C+CA/@37.788,-122.4075,14z"
Robert E. Kennedy Insurance Agency,"
2269 Chestnut St #301, San Francisco, CA 94123, United States",SF Mission,CA,,415-951-0738,http://www.kennedyinsuranceagency.com/,info@kennedyinsuranceagency.com,,,Website,,Google Maps,"https://www.google.com/maps/search/general+liability+insurance+near+SF+Mission%2FCastro%2C+CA/@37.76,-122.42,14z"
Robert E. Kennedy Insurance Agency,"
2269 Chestnut St #301, San Francisco, CA 94123, United States",SF SOMA,CA,,415-951-0738,http://www.kennedyinsuranceagency.com/,info@kennedyinsuranceagency.com,,,Website,,Google Maps,"https://www.google.com/maps/search/commercial+insurance+near+SF+SOMA%2FFiDi%2C+CA/@37.785,-122.395,14z"
Robert E. Kennedy Insurance Agency,"
2269 Chestnut St #301, San Francisco, CA 94123, United States",SF Sunset,CA,,415-951-0738,http://www.kennedyinsuranceagency.com/,info@kennedyinsuranceagency.com,,,Website,,Google Maps,"https://www.google.com/maps/search/commercial+insurance+near+SF+Sunset%2FRichmond%2C+CA/@37.765,-122.48,14z"
Sam & Associates Insurance Agency: Allstate Insurance,"
2225 Taraval St, San Francisco, CA 94116, United States",SF Sunset,CA,,415-665-0181,https://agents.allstate.com/sam--associates-insurance-agency-san-francisco-ca3.html?utm_source=GMB&utm_medium=Website,,,,Website,,Google Maps,"https://www.google.com/maps/search/business+insurance+broker+near+SF+Sunset%2FRichmond%2C+CA/@37.765,-122.48,14z"
San Francisco Equity Compensation Group,"
34th Floor, 555 California St 32nd / 33rd, San Francisco, CA 94104, United States",SF SOMA,CA,,415-954-5959,https://advisors.ubs.com/sfecg/?utm_source=synup&utm_medium=en&utm_campaign=161654,west.bowler@ubs.com,,,No reviews,,Google Maps,"https://www.google.com/maps/search/workers+compensation+insurance+near+SF+SOMA%2FFiDi%2C+CA/@37.785,-122.395,14z"
San Francisco Insurance Center,"
27 Maiden Ln # 4, San Francisco, CA 94108, United States",SF SOMA,CA,,415-982-1011,,,,,No reviews,,Google Maps,"https://www.google.com/maps/search/workers+compensation+insurance+near+SF+SOMA%2FFiDi%2C+CA/@37.785,-122.395,14z"
San Francisco Personal Injury Attorney,"
2134 15th St, San Francisco, CA 94114, United States",SF Mission,CA,,213-698-5381,https://www.coopers.law/?utm_source=google&utm_medium=organic&utm_campaign=gbp&utm_content=san-francisco,info@coopers.law,5.0,36,5.0(36),,Google Maps,"https://www.google.com/maps/search/workers+compensation+insurance+near+SF+Mission%2FCastro%2C+CA/@37.76,-122.42,14z"
San Francisco Workers Comp,"
1 Van Ness Ave # 4, San Francisco, CA 94103, United States",SF Downtown,CA,,415-575-5600,,,,,+1 415-575-5600,,Google Maps,"https://www.google.com/maps/search/workers+compensation+insurance+near+SF+Downtown%2C+CA/@37.788,-122.4075,14z"
San Francisco Workers Comp,"
1 Van Ness Ave # 4, San Francisco, CA 94103, United States",SF SOMA,CA,,415-575-5600,,,,,+1 415-575-5600,,Google Maps,"https://www.google.com/maps/search/workers+compensation+insurance+near+SF+SOMA%2FFiDi%2C+CA/@37.785,-122.395,14z"
San Francisco Workers Comp,"
1 Van Ness Ave # 4, San Francisco, CA 94103, United States",SF Sunset,CA,,415-575-5600,,,,,+1 415-575-5600,,Google Maps,"https://www.google.com/maps/search/workers+compensation+insurance+near+SF+Sunset%2FRichmond%2C+CA/@37.765,-122.48,14z"
Sandyer Insurance,"
350 Townsend St #650, San Francisco, CA 94107, United States",SF SOMA,CA,,209-370-8839,,,,,Directions,,Google Maps,"https://www.google.com/maps/search/general+liability+insurance+near+SF+SOMA%2FFiDi%2C+CA/@37.785,-122.395,14z"
SBHIS Insurance Services,"
3201 Mission St, San Francisco, CA 94110, United States",SF SOMA,CA,,415-864-9497,https://sbhis.net/,619-621-2000operations@sbhis.net,,,No reviews,,Google Maps,"https://www.google.com/maps/search/workers+compensation+insurance+near+SF+SOMA%2FFiDi%2C+CA/@37.785,-122.395,14z"
SF City Chiropractic,"
1199 Irving St, San Francisco, CA 94122, United States",SF Sunset,CA,,415-463-0695,https://www.sfcitychiro.com/?UTM_source=GBP_listing&UTM_medium=organic&source=gmb,,,,Website,,Google Maps,"https://www.google.com/maps/search/workers+compensation+insurance+near+SF+Sunset%2FRichmond%2C+CA/@37.765,-122.48,14z"
"Simon Chew, CIC / eHealth-Plans Inc. / Amazing Wealth","
1550 Noriega St Suite 100, San Francisco, CA 94122, United States",SF Sunset,CA,,415-661-3885,https://simon888.com/,info@health-plans.com,,,Website,,Google Maps,"https://www.google.com/maps/search/commercial+property+insurance+near+SF+Sunset%2FRichmond%2C+CA/@37.765,-122.48,14z"
SIStation Auto Insurance Company California,"
777 Florida St #311, San Francisco, CA 94110, United States",SF Mission,CA,,206-426-4730,,,,,Directions,,Google Maps,"https://www.google.com/maps/search/general+liability+insurance+near+SF+Mission%2FCastro%2C+CA/@37.76,-122.42,14z"
SIStation Auto Insurance Company California,"
777 Florida St #311, San Francisco, CA 94110, United States",SF SOMA,CA,,206-426-4730,,,,,Directions,,Google Maps,"https://www.google.com/maps/search/general+liability+insurance+near+SF+SOMA%2FFiDi%2C+CA/@37.785,-122.395,14z"
Smart Policy Insurance Service,"
3024 Taraval St, San Francisco, CA 94116, United States",SF Sunset,CA,,628-900-0615,,,,,No reviews,,Google Maps,"https://www.google.com/maps/search/workers+compensation+insurance+near+SF+Sunset%2FRichmond%2C+CA/@37.765,-122.48,14z"
Statewide Professional Insurance Agency Inc.,"
2030 Union St Suite #202, San Francisco, CA 94123, United States",SF Downtown,CA,,415-681-0434,https://www.statewidepia.com/,,,,Website,,Google Maps,"https://www.google.com/maps/search/commercial+insurance+near+SF+Downtown%2C+CA/@37.788,-122.4075,14z"
Statewide Professional Insurance Agency Inc.,"
2030 Union St Suite #202, San Francisco, CA 94123, United States",SF SOMA,CA,,415-681-0434,https://www.statewidepia.com/,,,,Website,,Google Maps,"https://www.google.com/maps/search/commercial+insurance+near+SF+SOMA%2FFiDi%2C+CA/@37.785,-122.395,14z"
Steven Cresci Insurance Agency,"
544 Golden Gate Ave, San Francisco, CA 94102, United States",SF Mission,CA,,415-212-8190,,,,,Directions,,Google Maps,"https://www.google.com/maps/search/commercial+insurance+agent+near+SF+Mission%2FCastro%2C+CA/@37.76,-122.42,14z"
Steven Cresci Insurance Agency,"
544 Golden Gate Ave, San Francisco, CA 94102, United States",SF SOMA,CA,,415-212-8190,,,,,Directions,,Google Maps,"https://www.google.com/maps/search/commercial+insurance+near+SF+SOMA%2FFiDi%2C+CA/@37.785,-122.395,14z"
Sweet and Baker Insurance Brokers,"
44 2nd St, San Francisco, CA 94105, United States",SF Downtown,CA,,415-512-2100,http://www.sweetandbaker.com/,,,,Website,,Google Maps,"https://www.google.com/maps/search/business+insurance+broker+near+SF+Downtown%2C+CA/@37.788,-122.4075,14z"
Sweet and Baker Insurance Brokers,"
44 2nd St, San Francisco, CA 94105, United States",SF SOMA,CA,,415-512-2100,http://www.sweetandbaker.com/,,,,Website,,Google Maps,"https://www.google.com/maps/search/business+insurance+broker+near+SF+SOMA%2FFiDi%2C+CA/@37.785,-122.395,14z"
Symphony Risk Solutions,"
345 California St, San Francisco, CA 94104, United States",SF Downtown,CA,,415-957-0600,https://www.symphonyrisk.com/,info@symphonyrisk.com,,,Website,,Google Maps,"https://www.google.com/maps/search/workers+compensation+insurance+near+SF+Downtown%2C+CA/@37.788,-122.4075,14z"
"The Law Offices of Alex Bonilla, P.C.","
1390 Market St #200, San Francisco, CA 94102, United States",SF Downtown,CA,,415-936-7905,http://bonilla-law.com/?utm_source=google&utm_medium=organic&utm_campaign=gbp_San_Francisco,,4.8,30,4.8(30),,Google Maps,"https://www.google.com/maps/search/workers+compensation+insurance+near+SF+Downtown%2C+CA/@37.788,-122.4075,14z"
"The Law Offices of Bennett M. Cohen, P.C. - Disability Claims, Bad Faith Insurance & Personal Injury Attorney","
1438 Market St, San Francisco, CA 94102, United States",SF Downtown,CA,,415-230-1800,https://www.bennettmcohen.com/,bennettmcohen@gmail.com,4.7,29,4.7(29),,Google Maps,"https://www.google.com/maps/search/workers+compensation+insurance+near+SF+Downtown%2C+CA/@37.788,-122.4075,14z"
"The Law Offices of Bennett M. Cohen, P.C. - Disability Claims, Bad Faith Insurance & Personal Injury Attorney","
1438 Market St, San Francisco, CA 94102, United States",SF SOMA,CA,,415-230-1800,https://www.bennettmcohen.com/,bennettmcohen@gmail.com,4.7,29,4.7(29),,Google Maps,"https://www.google.com/maps/search/workers+compensation+insurance+near+SF+SOMA%2FFiDi%2C+CA/@37.785,-122.395,14z"
Three Foundation Insurance Services,"
4016 Geary Blvd Ste D, San Francisco, CA 94118, United States",SF Downtown,CA,,415-750-0781,https://www.progressiveagent.com/local-agent/california/san-francisco/three-foundation-insurance-services/,3foundation@gmail.com,,,Website,,Google Maps,"https://www.google.com/maps/search/business+insurance+broker+near+SF+Downtown%2C+CA/@37.788,-122.4075,14z"
Three Foundation Insurance Services,"
4016 Geary Blvd Ste D, San Francisco, CA 94118, United States",SF Mission,CA,,415-750-0781,https://www.progressiveagent.com/local-agent/california/san-francisco/three-foundation-insurance-services/,3foundation@gmail.com,,,Website,,Google Maps,"https://www.google.com/maps/search/general+liability+insurance+near+SF+Mission%2FCastro%2C+CA/@37.76,-122.42,14z"
Three Foundation Insurance Services,"
4016 Geary Blvd Ste D, San Francisco, CA 94118, United States",SF SOMA,CA,,415-750-0781,https://www.progressiveagent.com/local-agent/california/san-francisco/three-foundation-insurance-services/,3foundation@gmail.com,,,Website,,Google Maps,"https://www.google.com/maps/search/workers+compensation+insurance+near+SF+SOMA%2FFiDi%2C+CA/@37.785,-122.395,14z"
Three Foundation Insurance Services,"
4016 Geary Blvd Ste D, San Francisco, CA 94118, United States",SF Sunset,CA,,415-750-0781,https://www.progressiveagent.com/local-agent/california/san-francisco/three-foundation-insurance-services/,3foundation@gmail.com,,,Website,,Google Maps,"https://www.google.com/maps/search/commercial+insurance+near+SF+Sunset%2FRichmond%2C+CA/@37.765,-122.48,14z"
Tiffany Won - State Farm Insurance Agent,"
1250 Missouri St UNIT 305, San Francisco, CA 94107, United States",SF Mission,CA,,415-872-5734,https://www.tiffanywon.com/?cmpid=MLLIST,team@keen.io,,,Website,,Google Maps,"https://www.google.com/maps/search/business+insurance+broker+near+SF+Mission%2FCastro%2C+CA/@37.76,-122.42,14z"
Traci Hollander - State Farm Insurance Agent,"
556 Castro St, San Francisco, CA 94114, United States",SF Downtown,CA,,415-575-3775,https://www.tracihollander.com/?cmpid=JW8N_blm_0001,team@keen.io,,,Website,,Google Maps,"https://www.google.com/maps/search/commercial+insurance+near+SF+Downtown%2C+CA/@37.788,-122.4075,14z"
Traci Hollander - State Farm Insurance Agent,"
556 Castro St, San Francisco, CA 94114, United States",SF Mission,CA,,415-575-3775,https://www.tracihollander.com/?cmpid=JW8N_blm_0001,team@keen.io,,,Website,,Google Maps,"https://www.google.com/maps/search/commercial+insurance+near+SF+Mission%2FCastro%2C+CA/@37.76,-122.42,14z"
Traci Hollander - State Farm Insurance Agent,"
556 Castro St, San Francisco, CA 94114, United States",SF SOMA,CA,,415-575-3775,https://www.tracihollander.com/?cmpid=JW8N_blm_0001,team@keen.io,,,Website,,Google Maps,"https://www.google.com/maps/search/commercial+insurance+near+SF+SOMA%2FFiDi%2C+CA/@37.785,-122.395,14z"
Traci Hollander - State Farm Insurance Agent,"
556 Castro St, San Francisco, CA 94114, United States",SF Sunset,CA,,415-575-3775,https://www.tracihollander.com/?cmpid=JW8N_blm_0001,team@keen.io,,,Website,,Google Maps,"https://www.google.com/maps/search/business+insurance+broker+near+SF+Sunset%2FRichmond%2C+CA/@37.765,-122.48,14z"
"Tribeca Insurance Solutions, LLC","
86 29th St, San Francisco, CA 94110, United States",SF Downtown,CA,,415-647-3070,https://www.dmv.ca.gov/portal/business-partner/tribeca-insurance-solutions-llc/,,,,Website,,Google Maps,"https://www.google.com/maps/search/commercial+insurance+near+SF+Downtown%2C+CA/@37.788,-122.4075,14z"
"Tribeca Insurance Solutions, LLC","
86 29th St, San Francisco, CA 94110, United States",SF Mission,CA,,415-647-3070,https://www.dmv.ca.gov/portal/business-partner/tribeca-insurance-solutions-llc/,,,,Website,,Google Maps,"https://www.google.com/maps/search/commercial+insurance+near+SF+Mission%2FCastro%2C+CA/@37.76,-122.42,14z"
"Tribeca Insurance Solutions, LLC","
86 29th St, San Francisco, CA 94110, United States",SF SOMA,CA,,415-647-3070,https://www.dmv.ca.gov/portal/business-partner/tribeca-insurance-solutions-llc/,,,,Website,,Google Maps,"https://www.google.com/maps/search/commercial+insurance+near+SF+SOMA%2FFiDi%2C+CA/@37.785,-122.395,14z"
"Tribeca Insurance Solutions, LLC","
86 29th St, San Francisco, CA 94110, United States",SF Sunset,CA,,415-647-3070,https://www.dmv.ca.gov/portal/business-partner/tribeca-insurance-solutions-llc/,,,,Website,,Google Maps,"https://www.google.com/maps/search/commercial+insurance+near+SF+Sunset%2FRichmond%2C+CA/@37.765,-122.48,14z"
"TruSummit Insurance Solutions, LLC","
544 Golden Gate Ave, San Francisco, CA 94102, United States",SF Sunset,CA,,415-346-5272,http://www.trusummitins.com/,,,,Website,,Google Maps,"https://www.google.com/maps/search/commercial+property+insurance+near+SF+Sunset%2FRichmond%2C+CA/@37.765,-122.48,14z"
Truvo Insurance Agency,"
1875 Mission St Suite 103 #488, San Francisco, CA 94103, United States",SF Mission,CA,,628-998-1406,https://truvoinsure.com/,contact@truvoinsure.com,,,Website,,Google Maps,"https://www.google.com/maps/search/commercial+insurance+near+SF+Mission%2FCastro%2C+CA/@37.76,-122.42,14z"
Tucker Williams - State Farm Insurance Agent,"
1536 20th St, San Francisco, CA 94107, United States",SF Downtown,CA,,415-580-7987,https://www.tuckerwilliams.com/?cmpid=F29A_blm_0001,team@keen.io,,,Website,,Google Maps,"https://www.google.com/maps/search/commercial+insurance+near+SF+Downtown%2C+CA/@37.788,-122.4075,14z"
Tucker Williams - State Farm Insurance Agent,"
1536 20th St, San Francisco, CA 94107, United States",SF Mission,CA,,415-580-7987,https://www.tuckerwilliams.com/?cmpid=F29A_blm_0001,team@keen.io,,,Website,,Google Maps,"https://www.google.com/maps/search/general+liability+insurance+near+SF+Mission%2FCastro%2C+CA/@37.76,-122.42,14z"
Tucker Williams - State Farm Insurance Agent,"
1536 20th St, San Francisco, CA 94107, United States",SF SOMA,CA,,415-580-7987,https://www.tuckerwilliams.com/?cmpid=F29A_blm_0001,team@keen.io,,,Website,,Google Maps,"https://www.google.com/maps/search/business+insurance+broker+near+SF+SOMA%2FFiDi%2C+CA/@37.785,-122.395,14z"
UNICOM INSURANCE & FINANCIAL SERVICES LLC,"
12976 San Pablo Ave, Richmond, CA 94805, United States",SF Sunset,CA,,510-234-0517,http://unicominsuranceservices.com/,,,,Website,,Google Maps,"https://www.google.com/maps/search/commercial+insurance+near+SF+Sunset%2FRichmond%2C+CA/@37.765,-122.48,14z"
Vouch Insurance,"
250 Montgomery St, San Francisco, CA 94104, United States",SF Downtown,CA,,415-488-6728,https://www.vouch.us/,hello@vouch.us,,,Website,,Google Maps,"https://www.google.com/maps/search/commercial+insurance+near+SF+Downtown%2C+CA/@37.788,-122.4075,14z"
Walsh Carter & Associates,"
423 Washington St #500, San Francisco, CA 94111, United States",SF Downtown,CA,,415-217-6200,https://walshcarter.com/,info@walshcarter.com,,,Website,,Google Maps,"https://www.google.com/maps/search/commercial+insurance+near+SF+Downtown%2C+CA/@37.788,-122.4075,14z"
Walsh Carter & Associates,"
423 Washington St #500, San Francisco, CA 94111, United States",SF SOMA,CA,,415-217-6200,https://walshcarter.com/,info@walshcarter.com,,,Website,,Google Maps,"https://www.google.com/maps/search/business+insurance+broker+near+SF+SOMA%2FFiDi%2C+CA/@37.785,-122.395,14z"
Wang Insurance,"
2620 Judah St, San Francisco, CA 94122, United States",SF Downtown,CA,,415-731-7062,http://www.wangins.com/,info@wangins.com,,,Website,,Google Maps,"https://www.google.com/maps/search/general+liability+insurance+near+SF+Downtown%2C+CA/@37.788,-122.4075,14z"
Wang Insurance,"
2620 Judah St, San Francisco, CA 94122, United States",SF Mission,CA,,415-731-7062,http://www.wangins.com/,info@wangins.com,,,Website,,Google Maps,"https://www.google.com/maps/search/commercial+insurance+near+SF+Mission%2FCastro%2C+CA/@37.76,-122.42,14z"
Wang Insurance,"
2620 Judah St, San Francisco, CA 94122, United States",SF SOMA,CA,,415-731-7062,http://www.wangins.com/,info@wangins.com,,,Website,,Google Maps,"https://www.google.com/maps/search/workers+compensation+insurance+near+SF+SOMA%2FFiDi%2C+CA/@37.785,-122.395,14z"
Wang Insurance,"
2620 Judah St, San Francisco, CA 94122, United States",SF Sunset,CA,,415-731-7062,http://www.wangins.com/,info@wangins.com,,,Website,,Google Maps,"https://www.google.com/maps/search/commercial+insurance+near+SF+Sunset%2FRichmond%2C+CA/@37.765,-122.48,14z"
Waxman & Achermann,"
340 Pine St #503, San Francisco, CA 94104, United States",SF Sunset,CA,,415-520-7265,https://www.josephwaxman.com/?npcmp=dir:local:5280480:94104,,,,Website,,Google Maps,"https://www.google.com/maps/search/workers+compensation+insurance+near+SF+Sunset%2FRichmond%2C+CA/@37.765,-122.48,14z"
Winky Wong: Allstate Insurance,"
380 W Portal Ave Ste D, San Francisco, CA 94127, United States",SF Mission,CA,,415-681-6810,https://agents.allstate.com/winky-wong-san-francisco-ca.html?utm_source=GMB&utm_medium=Website,,,,Website,,Google Maps,"https://www.google.com/maps/search/workers+compensation+insurance+near+SF+Mission%2FCastro%2C+CA/@37.76,-122.42,14z"
Winky Wong: Allstate Insurance,"
380 W Portal Ave Ste D, San Francisco, CA 94127, United States",SF Sunset,CA,,415-681-6810,https://agents.allstate.com/winky-wong-san-francisco-ca.html?utm_source=GMB&utm_medium=Website,,,,Website,,Google Maps,"https://www.google.com/maps/search/workers+compensation+insurance+near+SF+Sunset%2FRichmond%2C+CA/@37.765,-122.48,14z"
Woodruff Sawyer,"
50 California St floor 12, San Francisco, CA 94111, United States",SF SOMA,CA,,415-391-2141,https://woodruffsawyer.com/,,,,Website,,Google Maps,"https://www.google.com/maps/search/commercial+property+insurance+near+SF+SOMA%2FFiDi%2C+CA/@37.785,-122.395,14z"
Yan Lukito - State Farm Insurance Agent,"
5214 Diamond Heights Blvd i, San Francisco, CA 94131, United States",SF Mission,CA,,415-282-5558,https://www.yanlukito.com/?cmpid=GXQM_blm_0001,team@keen.io,,,Website,,Google Maps,"https://www.google.com/maps/search/general+liability+insurance+near+SF+Mission%2FCastro%2C+CA/@37.76,-122.42,14z"
Yan Lukito - State Farm Insurance Agent,"
5214 Diamond Heights Blvd i, San Francisco, CA 94131, United States",SF Sunset,CA,,415-282-5558,https://www.yanlukito.com/?cmpid=GXQM_blm_0001,team@keen.io,,,Website,,Google Maps,"https://www.google.com/maps/search/business+insurance+broker+near+SF+Sunset%2FRichmond%2C+CA/@37.765,-122.48,14z"
Zurich Simon - State Farm Insurance Agent,"
1745 O'Farrell St, San Francisco, CA 94115, United States",SF Downtown,CA,,415-240-4725,https://www.fillmoreinsurancegroup.com/?cmpid=VABYQP_blm_0001,,,,Website,,Google Maps,"https://www.google.com/maps/search/commercial+insurance+near+SF+Downtown%2C+CA/@37.788,-122.4075,14z"
Zurich Simon - State Farm Insurance Agent,"
1745 O'Farrell St, San Francisco, CA 94115, United States",SF Mission,CA,,415-240-4725,https://www.fillmoreinsurancegroup.com/?cmpid=VABYQP_blm_0001,,,,Website,,Google Maps,"https://www.google.com/maps/search/business+insurance+broker+near+SF+Mission%2FCastro%2C+CA/@37.76,-122.42,14z"
Zurich Simon - State Farm Insurance Agent,"
1745 O'Farrell St, San Francisco, CA 94115, United States",SF SOMA,CA,,415-240-4725,https://www.fillmoreinsurancegroup.com/?cmpid=VABYQP_blm_0001,,,,Website,,Google Maps,"https://www.google.com/maps/search/business+insurance+broker+near+SF+SOMA%2FFiDi%2C+CA/@37.785,-122.395,14z"
Zurich Simon - State Farm Insurance Agent,"
1745 O'Farrell St, San Francisco, CA 94115, United States",SF Sunset,CA,,415-240-4725,https://www.fillmoreinsurancegroup.com/?cmpid=VABYQP_blm_0001,,,,Website,,Google Maps,"https://www.google.com/maps/search/commercial+property+insurance+near+SF+Sunset%2FRichmond%2C+CA/@37.765,-122.48,14z"
